Year,Name,G,AB,R,H,2B,3B,HR,RBI,BB,SO,BA,OBP,SLG,OPS,SB,CS,E,WPA,cWPA,OPP,,,,,,,
1921,Home Run Baker,4,8,0,2,0,0,0,0,1,0,0.25,0.333,0.25,0.583,0,0,0,-0.21,-0.117,NY Giants,,,,,,,
1921,Rip Collins,1,0,0,0,0,0,0,0,0,0,,,,,0,0,0,0,0.000,NY Giants,,,,,,,
1921,Al DeVormer,2,1,0,0,0,0,0,0,0,0,0,0,0,0,0,0,0,0,0.000,NY Giants,,,,,,,
1921,Chick Fewster,4,10,3,2,0,0,1,2,3,3,0.2,0.385,0.5,0.885,0,0,0,-0.01,-0.036,NY Giants,,,,,,,
1921,Harry Harper,1,0,0,0,0,0,0,0,0,0,,,,,0,0,0,0,0.000,NY Giants,,,,,,,
1921,Waite Hoyt,3,9,0,2,0,0,0,1,0,1,0.222,0.222,0.222,0.444,0,0,0,-0.16,-0.063,NY Giants,,,,,,,
1921,Carl Mays,3,9,0,1,0,0,0,0,0,1,0.111,0.111,0.111,0.222,0,0,0,-0.35,-0.132,NY Giants,,,,,,,
1921,Mike McNally,7,20,3,4,1,0,0,1,1,3,0.2,0.273,0.25,0.523,2,2,3,-0.08,-0.012,NY Giants,,,,,,,
1921,Bob Meusel,8,30,3,6,2,0,0,3,2,5,0.2,0.25,0.267,0.517,1,2,0,-0.25,-0.113,NY Giants,,,,,,,
1921,Elmer Miller,8,31,3,5,1,0,0,2,2,5,0.161,0.212,0.194,0.406,0,0,0,-0.4,-0.156,NY Giants,,,,,,,
1921,Roger Peckinpaugh,8,28,2,5,1,0,0,0,4,3,0.179,0.281,0.214,0.496,0,1,1,-0.34,-0.129,NY Giants,,,,,,,
1921,Bill Piercy,1,0,0,0,0,0,0,0,0,0,,,,,0,0,0,0,0.000,NY Giants,,,,,,,
1921,Wally Pipp,8,26,1,4,1,0,0,2,2,3,0.154,0.214,0.192,0.407,1,1,0,-0.38,-0.151,NY Giants,,,,,,,
1921,Jack Quinn,1,2,0,0,0,0,0,0,0,1,0,0,0,0,0,0,0,-0.11,-0.025,NY Giants,,,,,,,
1921,Tom Rogers,1,0,0,0,0,0,0,0,0,0,,,,,0,0,0,0,0.000,NY Giants,,,,,,,
1921,Babe Ruth,6,16,3,5,0,0,1,4,5,8,0.313,0.476,0.5,0.976,2,1,0,0.09,0.003,NY Giants,,,,,,,
1921,Wally Schang,8,21,1,6,1,1,0,1,5,4,0.286,0.423,0.429,0.852,0,0,0,0.11,-0.006,NY Giants,,,,,,,
1921,Bob Shawkey,2,4,2,2,0,0,0,0,0,1,0.5,0.5,0.5,1,0,0,0,0,-0.013,NY Giants,,,,,,,
1921,Aaron Ward,8,26,1,6,0,0,0,4,2,6,0.231,0.286,0.231,0.516,0,0,2,-0.17,-0.052,NY Giants,,,,,,,
1922,Home Run Baker,1,1,0,0,0,0,0,0,0,0,0,0,0,0,0,0,,-0.03,-0.008,NY Giants,,,,,,,
1922,Bullet Joe Bush,2,6,0,1,0,0,0,1,0,0,0.167,0.167,0.167,0.333,0,0,0,-0.1,-0.029,NY Giants,,,,,,,
1922,Joe Dugan,5,20,4,5,1,0,0,0,0,1,0.25,0.286,0.3,0.586,0,0,0,-0.37,-0.118,NY Giants,,,,,,,
1922,Waite Hoyt,2,2,0,1,0,0,0,0,0,0,0.5,0.5,0.5,1,0,0,0,0.03,0.010,NY Giants,,,,,,,
1922,Sad Sam Jones,2,0,0,0,0,0,0,0,0,0,,,,,0,0,0,0,0.000,NY Giants,,,,,,,
1922,Carl Mays,1,2,0,0,0,0,0,0,0,0,0,0,0,0,0,0,0,-0.06,-0.016,NY Giants,,,,,,,
1922,Norm McMillan,1,2,0,0,0,0,0,0,0,0,0,0,0,0,0,0,0,-0.07,-0.010,NY Giants,,,,,,,
1922,Mike McNally,1,0,0,0,0,0,0,0,0,0,,,,,0,0,0,0,0.000,NY Giants,,,,,,,
1922,Bob Meusel,5,20,2,6,1,0,0,2,1,3,0.3,0.333,0.35,0.683,1,0,0,-0.14,-0.037,NY Giants,,,,,,,
1922,Wally Pipp,5,21,0,6,1,0,0,3,0,2,0.286,0.286,0.333,0.619,1,0,0,0.06,0.011,NY Giants,,,,,,,
1922,Babe Ruth,5,17,1,2,1,0,0,1,2,3,0.118,0.25,0.176,0.426,0,1,0,-0.2,-0.042,NY Giants,,,,,,,
1922,Wally Schang,5,16,0,3,1,0,0,0,0,3,0.188,0.188,0.25,0.438,0,0,0,-0.27,-0.061,NY Giants,,,,,,,
1922,Everett Scott,5,14,0,2,0,0,0,1,1,0,0.143,0.2,0.143,0.343,0,0,0,-0.22,-0.078,NY Giants,,,,,,,
1922,Bob Shawkey,1,4,0,0,0,0,0,0,0,1,0,0,0,0,0,0,0,-0.17,-0.055,NY Giants,,,,,,,
1922,Elmer Smith,2,2,0,0,0,0,0,0,0,2,0,0,0,0,0,0,,-0.18,-0.052,NY Giants,,,,,,,
1922,Aaron Ward,5,13,3,2,0,0,2,3,3,3,0.154,0.313,0.615,0.928,0,0,1,-0.13,-0.044,NY Giants,,,,,,,
1922,Whitey Witt,5,18,1,4,1,1,0,0,1,2,0.222,0.263,0.389,0.652,0,0,0,-0.07,-0.011,NY Giants,,,,,,,
1923,Bullet Joe Bush,4,7,2,3,1,0,0,1,1,1,0.429,0.5,0.571,1.071,0,0,0,0.22,0.087,NY Giants,,,,,,,
1923,Joe Dugan,6,25,5,7,2,1,1,5,3,0,0.28,0.357,0.56,0.917,0,0,0,0.37,0.137,NY Giants,,,,,,,
1923,Hinkey Haines,2,1,1,0,0,0,0,0,0,0,0,0,0,0,0,0,0,-0.09,-0.038,NY Giants,,,,,,,
1923,Harvey Hendrick,1,1,0,0,0,0,0,0,0,0,0,0,0,0,0,0,,-0.08,-0.023,NY Giants,,,,,,,
1923,Fred Hofmann,2,1,0,0,0,0,0,0,1,0,0,0.5,0,0.5,0,0,,0,0.004,NY Giants,,,,,,,
1923,Waite Hoyt,1,1,0,0,0,0,0,0,0,1,0,0,0,0,0,0,0,-0.07,-0.019,NY Giants,,,,,,,
1923,Ernie Johnson,2,0,1,0,0,0,0,0,0,0,,,,,0,0,0,0,0.000,NY Giants,,,,,,,
1923,Sad Sam Jones,2,2,0,0,0,0,0,0,0,1,0,0,0,0,0,0,0,-0.13,-0.046,NY Giants,,,,,,,
1923,Bob Meusel,6,26,1,7,1,2,0,8,0,3,0.269,0.269,0.462,0.731,0,0,0,0.23,0.180,NY Giants,,,,,,,
1923,Herb Pennock,3,6,0,0,0,0,0,0,0,2,0,0.143,0,0.143,0,0,0,-0.09,-0.036,NY Giants,,,,,,,
1923,Wally Pipp,6,20,2,5,0,0,0,1,4,1,0.25,0.375,0.25,0.625,0,0,0,-0.15,-0.050,NY Giants,,,,,,,
1923,Babe Ruth,6,19,8,7,1,1,3,3,8,6,0.368,0.556,1,1.556,0,0,1,0.16,0.070,NY Giants,,,,,,,
1923,Wally Schang,6,22,3,7,1,0,0,0,1,2,0.318,0.348,0.364,0.711,0,0,1,0,-0.008,NY Giants,,,,,,,
1923,Everett Scott,6,22,2,7,0,0,0,3,0,1,0.318,0.318,0.318,0.636,0,0,1,0.02,0.008,NY Giants,,,,,,,
1923,Bob Shawkey,1,3,0,1,0,0,0,1,0,0,0.333,0.333,0.333,0.667,0,0,0,-0.03,-0.011,NY Giants,,,,,,,
1923,Aaron Ward,6,24,4,10,0,0,1,2,1,3,0.417,0.44,0.542,0.982,1,0,0,0.01,-0.014,NY Giants,,,,,,,
1923,Whitey Witt,6,25,1,6,2,0,0,4,1,1,0.24,0.269,0.32,0.589,0,0,0,-0.26,-0.082,NY Giants,,,,,,,
1926,Spencer Adams,2,0,0,0,0,0,0,0,0,0,,,,,0,0,,0,0.000,Cardinals,,,,,,,
1926,Pat Collins,3,2,0,0,0,0,0,0,0,1,0,0,0,0,0,0,0,-0.05,-0.053,Cardinals,,,,,,,
1926,Earle Combs,7,28,3,10,2,0,0,2,5,2,0.357,0.455,0.429,0.883,0,0,0,-0.06,-0.048,Cardinals,,,,,,,
1926,Joe Dugan,7,24,2,8,1,0,0,2,1,1,0.333,0.36,0.375,0.735,0,1,1,-0.11,-0.120,Cardinals,,,,,,,
1926,Mike Gazella,1,0,0,0,0,0,0,0,0,0,,1,,,0,0,0,0.02,0.010,Cardinals,,,,,,,
1926,Lou Gehrig,7,23,1,8,2,0,0,4,5,4,0.348,0.464,0.435,0.899,0,0,0,0.17,0.087,Cardinals,,,,,,,
1926,Waite Hoyt,2,6,0,0,0,0,0,0,0,1,0,0,0,0,0,0,0,-0.13,-0.088,Cardinals,,,,,,,
1926,Sad Sam Jones,1,0,0,0,0,0,0,0,0,0,,,,,0,0,0,0,0.000,Cardinals,,,,,,,
1926,Mark Koenig,7,32,2,4,1,0,0,2,0,6,0.125,0.125,0.156,0.281,0,0,4,-0.34,-0.192,Cardinals,,,,,,,
1926,Tony Lazzeri,7,26,2,5,1,0,0,3,1,6,0.192,0.222,0.231,0.453,0,1,1,-0.19,-0.221,Cardinals,,,,,,,
1926,Bob Meusel,7,21,3,5,1,1,0,0,6,1,0.238,0.407,0.381,0.788,0,0,1,-0.13,-0.139,Cardinals,,,,,,,
1926,Ben Paschal,5,4,0,1,0,0,0,1,1,2,0.25,0.4,0.25,0.65,0,0,,0.07,0.008,Cardinals,,,,,,,
1926,Herb Pennock,3,7,1,1,1,0,0,0,0,0,0.143,0.143,0.286,0.429,0,0,0,-0.13,-0.076,Cardinals,,,,,,,
1926,Dutch Ruether,3,4,0,0,0,0,0,0,0,0,0,0,0,0,0,0,0,-0.07,-0.024,Cardinals,,,,,,,
1926,Babe Ruth,7,20,6,6,0,0,4,5,11,2,0.3,0.548,0.9,1.448,1,1,0,0.37,0.228,Cardinals,,,,,,,
1926,Hank Severeid,7,22,1,6,1,0,0,1,1,2,0.273,0.304,0.318,0.623,0,0,0,-0.36,-0.066,Cardinals,,,,,,,
1926,Bob Shawkey,3,2,0,0,0,0,0,0,0,1,0,0,0,0,0,0,0,0.04,0.018,Cardinals,,,,,,,
1926,Urban Shocker,2,2,0,0,0,0,0,0,0,2,0,0,0,0,0,0,0,-0.05,-0.013,Cardinals,,,,,,,
1926,Myles Thomas,2,0,0,0,0,0,0,0,0,0,,,,,0,0,0,0,0.000,Cardinals,,,,,,,
1927,Benny Bengough,2,4,1,0,0,0,0,0,1,0,0,0.2,0,0.2,0,0,0,-0.06,-0.019,Pirates,,,,,,,
1927,Pat Collins,2,5,0,3,1,0,0,0,3,0,0.6,0.75,0.8,1.55,0,0,0,0.13,0.013,Pirates,,,,,,,
1927,Earle Combs,4,16,6,5,0,0,0,2,1,2,0.313,0.389,0.313,0.701,0,0,0,0.49,0.049,Pirates,,,,,,,
1927,Joe Dugan,4,15,2,3,0,0,0,0,0,0,0.2,0.2,0.2,0.4,0,0,0,-0.25,-0.060,Pirates,,,,,,,
1927,Cedric Durst,1,1,0,0,0,0,0,0,0,0,0,0,0,0,0,0,,0,0.000,Pirates,,,,,,,
1927,Lou Gehrig,4,13,2,4,2,2,0,4,3,3,0.308,0.438,0.769,1.207,0,0,0,0.19,0.091,Pirates,,,,,,,
1927,Johnny Grabowski,1,2,0,0,0,0,0,0,0,0,0,0,0,0,0,0,0,-0.02,-0.005,Pirates,,,,,,,
1927,Waite Hoyt,1,3,0,0,0,0,0,0,0,0,0,0,0,0,0,0,0,-0.13,-0.044,Pirates,,,,,,,
1927,Mark Koenig,4,18,5,9,2,0,0,2,0,2,0.5,0.5,0.611,1.111,0,0,0,0.4,0.093,Pirates,,,,,,,
1927,Tony Lazzeri,4,15,1,4,1,0,0,2,1,4,0.267,0.313,0.333,0.646,0,0,1,0.01,0.019,Pirates,,,,,,,
1927,Bob Meusel,4,17,1,2,0,0,0,1,1,7,0.118,0.167,0.118,0.284,1,0,1,-0.25,-0.014,Pirates,,,,,,,
1927,Wilcy Moore,2,5,0,1,0,0,0,0,0,3,0.2,0.2,0.2,0.4,0,0,1,-0.2,-0.027,Pirates,,,,,,,
1927,Herb Pennock,1,4,1,0,0,0,0,1,0,1,0,0,0,0,0,0,0,0,0.001,Pirates,,,,,,,
1927,George Pipgras,1,3,0,1,0,0,0,0,1,1,0.333,0.5,0.333,0.833,0,0,0,-0.01,-0.001,Pirates,,,,,,,
1927,Babe Ruth,4,15,4,6,0,0,2,7,2,2,0.4,0.471,0.8,1.271,1,0,0,0.18,0.021,Pirates,,,,,,,
1928,Benny Bengough,4,13,1,3,0,0,0,1,1,1,0.231,0.286,0.231,0.516,0,0,0,-0.07,0.002,Cardinals,,,,,,,
1928,Pat Collins,1,1,0,1,1,0,0,0,0,0,1,1,2,3,0,0,0,0,0.000,Cardinals,,,,,,,
1928,Earle Combs,1,0,0,0,0,0,0,1,0,0,,,,,0,0,,0.02,0.002,Cardinals,,,,,,,
1928,Joe Dugan,3,6,0,1,0,0,0,1,0,0,0.167,0.167,0.167,0.333,0,0,0,0,-0.004,Cardinals,,,,,,,
1928,Leo Durocher,4,2,0,0,0,0,0,0,0,1,0,0,0,0,0,0,0,-0.01,-0.002,Cardinals,,,,,,,
1928,Cedric Durst,4,8,3,3,0,0,1,2,0,1,0.375,0.375,0.75,1.125,0,0,0,0.13,0.032,Cardinals,,,,,,,
1928,Lou Gehrig,4,11,5,6,1,0,4,9,6,0,0.545,0.706,1.727,2.433,0,0,0,0.99,0.219,Cardinals,,,,,,,
1928,Waite Hoyt,2,7,0,1,0,0,0,0,0,0,0.143,0.143,0.143,0.286,0,0,1,-0.12,-0.019,Cardinals,,,,,,,
1928,Mark Koenig,4,19,1,3,0,0,0,0,0,1,0.158,0.158,0.158,0.316,0,0,2,-0.25,-0.043,Cardinals,,,,,,,
1928,Tony Lazzeri,4,12,2,3,1,0,0,0,1,0,0.25,0.308,0.333,0.641,2,0,2,0.05,-0.016,Cardinals,,,,,,,
1928,Bob Meusel,4,15,5,3,1,0,1,3,2,5,0.2,0.294,0.467,0.761,2,0,0,0.25,0.094,Cardinals,,,,,,,
1928,Ben Paschal,3,10,0,2,0,0,0,1,1,0,0.2,0.273,0.2,0.473,0,0,0,-0.1,-0.018,Cardinals,,,,,,,
1928,George Pipgras,1,2,0,0,0,0,0,1,0,1,0,0.333,0,0.333,0,0,0,0.02,0.005,Cardinals,,,,,,,
1928,Gene Robertson,3,8,1,1,0,0,0,2,1,0,0.125,0.222,0.125,0.347,0,0,1,0.1,0.015,Cardinals,,,,,,,
1928,Babe Ruth,4,16,9,10,3,0,3,4,1,2,0.625,0.647,1.375,2.022,0,0,0,0.42,0.073,Cardinals,,,,,,,
1928,Tom Zachary,1,4,0,0,0,0,0,0,0,1,0,0,0,0,0,0,0,-0.06,-0.016,Cardinals,,,,,,,
1932,Johnny Allen,1,0,0,0,0,0,0,0,0,0,,,,,0,0,0,0,0.000,Cubs,,,,,,,
1932,Samuel Byrd,1,0,0,0,0,0,0,0,0,0,,,,,0,0,0,0,0.000,Cubs,,,,,,,
1932,Ben Chapman,4,17,1,5,2,0,0,6,2,4,0.294,0.368,0.412,0.78,0,1,0,0.1,0.033,Cubs,,,,,,,
1932,Earle Combs,4,16,8,6,1,0,1,4,4,3,0.375,0.5,0.625,1.125,0,0,0,0.3,0.041,Cubs,,,,,,,
1932,Frankie Crosetti,4,15,2,2,1,0,0,0,2,3,0.133,0.235,0.2,0.435,0,0,4,-0.12,-0.021,Cubs,,,,,,,
1932,Bill Dickey,4,16,2,7,0,0,0,4,2,1,0.438,0.526,0.438,0.964,0,1,0,0.24,0.076,Cubs,,,,,,,
1932,Lou Gehrig,4,17,9,9,1,0,3,8,2,1,0.529,0.6,1.118,1.718,0,0,1,0.83,0.191,Cubs,,,,,,,
1932,Lefty Gomez,1,3,0,0,0,0,0,0,0,2,0,0,0,0,0,0,0,-0.04,-0.011,Cubs,,,,,,,
1932,Myril Hoag,1,0,1,0,0,0,0,0,0,0,,,,,0,0,,0,0.000,Cubs,,,,,,,
1932,Tony Lazzeri,4,17,4,5,0,0,2,5,2,1,0.294,0.368,0.647,1.015,0,0,1,0.01,-0.032,Cubs,,,,,,,
1932,Wilcy Moore,1,3,0,1,0,0,0,0,0,2,0.333,0.333,0.333,0.667,0,0,0,-0.01,0.000,Cubs,,,,,,,
1932,Herb Pennock,2,1,0,0,0,0,0,0,0,0,0,0,0,0,0,0,0,0,0.000,Cubs,,,,,,,
1932,George Pipgras,1,5,0,0,0,0,0,0,0,5,0,0,0,0,0,0,0,-0.13,-0.036,Cubs,,,,,,,
1932,Red Ruffing,2,4,0,0,0,0,0,0,1,1,0,0.2,0,0.2,0,0,0,-0.07,-0.021,Cubs,,,,,,,
1932,Babe Ruth,4,15,6,5,0,0,2,6,4,3,0.333,0.5,0.733,1.233,0,0,1,0.22,0.083,Cubs,,,,,,,
1932,Joe Sewell,4,15,4,5,1,0,0,3,4,0,0.333,0.5,0.4,0.9,0,0,1,0.3,0.046,Cubs,,,,,,,
1936,Frankie Crosetti,6,26,5,7,2,0,0,3,3,5,0.269,0.345,0.346,0.691,0,0,2,0.15,0.033,NY Giants,,,,,,,
1936,Bill Dickey,6,25,5,3,0,0,1,5,3,4,0.12,0.214,0.24,0.454,0,0,1,-0.39,-0.107,NY Giants,,,,,,,
1936,Joe DiMaggio,6,26,3,9,3,0,0,3,1,3,0.346,0.37,0.462,0.832,0,0,1,-0.31,-0.079,NY Giants,,,,,,,
1936,Lou Gehrig,6,24,5,7,1,0,2,7,3,2,0.292,0.393,0.583,0.976,0,1,0,-0.01,0.020,NY Giants,,,,,,,
1936,Lefty Gomez,2,8,1,2,0,0,0,3,0,3,0.25,0.25,0.25,0.5,0,0,0,0.04,0.033,NY Giants,,,,,,,
1936,Bump Hadley,1,2,0,0,0,0,0,0,0,1,0,0,0,0,0,0,0,-0.05,-0.018,NY Giants,,,,,,,
1936,Roy Johnson,2,1,0,0,0,0,0,0,0,1,0,0,0,0,0,0,,-0.04,-0.010,NY Giants,,,,,,,
1936,Tony Lazzeri,6,20,4,5,0,0,1,7,4,4,0.25,0.375,0.4,0.775,0,0,0,0.21,0.111,NY Giants,,,,,,,
1936,Pat Malone,2,1,0,1,0,0,0,0,0,0,1,1,1,2,0,0,0,0.07,0.019,NY Giants,,,,,,,
1936,Johnny Murphy,1,2,1,1,0,0,0,1,0,1,0.5,0.5,0.5,1,0,0,0,-0.02,-0.013,NY Giants,,,,,,,
1936,Monte Pearson,1,4,0,2,1,0,0,0,0,0,0.5,0.5,0.75,1.25,0,0,0,-0.01,-0.002,NY Giants,,,,,,,
1936,Jake Powell,6,22,8,10,1,0,1,5,4,4,0.455,0.538,0.636,1.175,1,1,0,0.29,0.113,NY Giants,,,,,,,
1936,Red Rolfe,6,25,5,10,0,0,0,4,3,1,0.4,0.464,0.4,0.864,0,1,1,0.3,0.121,NY Giants,,,,,,,
1936,Red Ruffing,3,5,0,0,0,0,0,0,1,2,0,0.167,0,0.167,0,0,0,-0.31,-0.103,NY Giants,,,,,,,
1936,Bob Seeds,1,0,0,0,0,0,0,0,0,0,,,,,0,1,,-0.12,-0.038,NY Giants,,,,,,,
1936,George Selkirk,6,24,6,8,0,1,2,3,4,4,0.333,0.429,0.667,1.095,0,1,1,0.07,0.041,NY Giants,,,,,,,
1937,Ivy Andrews,1,2,0,0,0,0,0,0,0,1,0,0,0,0,0,0,0,-0.01,-0.001,NY Giants,,,,,,,
1937,Frankie Crosetti,5,21,2,1,0,0,0,0,3,2,0.048,0.167,0.048,0.214,0,0,0,-0.2,-0.039,NY Giants,,,,,,,
1937,Bill Dickey,5,19,3,4,0,1,0,3,2,2,0.211,0.286,0.316,0.602,0,0,0,-0.09,-0.013,NY Giants,,,,,,,
1937,Joe DiMaggio,5,22,2,6,0,0,1,4,0,3,0.273,0.273,0.409,0.682,0,0,0,0.11,0.029,NY Giants,,,,,,,
1937,Lou Gehrig,5,17,4,5,1,1,1,3,5,4,0.294,0.455,0.647,1.102,0,0,0,0.08,0.024,NY Giants,,,,,,,
1937,Lefty Gomez,2,6,2,1,0,0,0,1,2,1,0.167,0.375,0.167,0.542,0,0,0,0.04,0.014,NY Giants,,,,,,,
1937,Bump Hadley,1,0,0,0,0,0,0,0,0,0,,,,,0,0,0,0,0.000,NY Giants,,,,,,,
1937,Myril Hoag,5,20,4,6,1,0,1,2,0,1,0.3,0.3,0.5,0.8,0,0,0,0,-0.001,NY Giants,,,,,,,
1937,Tony Lazzeri,5,15,3,6,0,1,1,2,3,3,0.4,0.526,0.733,1.26,0,0,0,0.27,0.079,NY Giants,,,,,,,
1937,Johnny Murphy,1,0,0,0,0,0,0,0,0,0,,,,,0,0,0,0,0.000,NY Giants,,,,,,,
1937,Monte Pearson,1,3,0,0,0,0,0,0,1,1,0,0.25,0,0.25,0,0,0,-0.01,-0.004,NY Giants,,,,,,,
1937,Jake Powell,1,1,0,0,0,0,0,0,0,1,0,0,0,0,0,0,,-0.01,-0.001,NY Giants,,,,,,,
1937,Red Rolfe,5,20,3,6,2,1,0,1,3,2,0.3,0.391,0.5,0.891,0,0,0,0.04,-0.007,NY Giants,,,,,,,
1937,Red Ruffing,1,4,0,2,1,0,0,3,0,0,0.5,0.5,0.75,1.25,0,0,0,0.09,0.024,NY Giants,,,,,,,
1937,George Selkirk,5,19,5,5,1,0,0,6,2,0,0.263,0.333,0.316,0.649,0,0,0,0.3,0.082,NY Giants,,,,,,,
1937,Kemp Wicker,1,0,0,0,0,0,0,0,0,0,,,,,0,0,0,0,0.000,NY Giants,,,,,,,
1938,Frankie Crosetti,4,16,1,4,2,1,1,6,2,4,0.25,0.368,0.688,1.056,0,1,1,0.45,0.114,Cubs,,,,,,,
1938,Bill Dickey,4,15,2,6,0,0,1,2,1,0,0.4,0.438,0.6,1.038,1,0,0,-0.01,0.023,Cubs,,,,,,,
1938,Joe DiMaggio,4,15,4,4,0,0,1,2,1,1,0.267,0.313,0.467,0.779,0,0,0,0.04,0.005,Cubs,,,,,,,
1938,Lou Gehrig,4,14,4,4,0,0,0,0,2,3,0.286,0.375,0.286,0.661,0,0,0,0.05,0.008,Cubs,,,,,,,
1938,Lefty Gomez,1,2,0,0,0,0,0,0,0,0,0,0,0,0,0,0,0,-0.05,-0.015,Cubs,,,,,,,
1938,Joe Gordon,4,15,3,6,2,0,1,6,1,3,0.4,0.438,0.733,1.171,1,0,2,0.37,0.109,Cubs,,,,,,,
1938,Tommy Henrich,4,16,3,4,1,0,1,1,0,1,0.25,0.25,0.5,0.75,0,1,1,-0.14,-0.036,Cubs,,,,,,,
1938,Myril Hoag,2,5,3,2,1,0,0,1,0,0,0.4,0.4,0.6,1,0,0,0,-0.02,-0.013,Cubs,,,,,,,
1938,Johnny Murphy,1,0,0,0,0,0,0,0,0,0,,,,,0,0,0,0,0.000,Cubs,,,,,,,
1938,Monte Pearson,1,3,1,1,0,0,0,0,1,0,0.333,0.5,0.333,0.833,0,0,0,0.01,0.003,Cubs,,,,,,,
1938,Jake Powell,1,0,0,0,0,0,0,0,0,0,,,,,0,0,0,0,0.000,Cubs,,,,,,,
1938,Red Rolfe,4,18,0,3,0,0,0,1,0,3,0.167,0.167,0.167,0.333,1,0,2,-0.05,-0.021,Cubs,,,,,,,
1938,Red Ruffing,2,6,1,1,0,0,0,1,1,0,0.167,0.286,0.167,0.452,0,0,0,-0.03,-0.026,Cubs,,,,,,,
1938,George Selkirk,3,10,0,2,0,0,0,1,2,1,0.2,0.333,0.2,0.533,0,0,0,0,0.004,Cubs,,,,,,,
1939,Frankie Crosetti,4,16,2,1,0,0,0,1,2,2,0.063,0.167,0.063,0.229,0,0,0,-0.15,-0.030,Reds,,,,,,,
1939,Babe Dahlgren,4,14,2,3,2,0,1,2,0,4,0.214,0.214,0.571,0.786,0,0,0,-0.02,0.030,Reds,,,,,,,
1939,Bill Dickey,4,15,2,4,0,0,2,5,1,2,0.267,0.313,0.667,0.979,0,0,0,0.43,0.082,Reds,,,,,,,
1939,Joe DiMaggio,4,16,3,5,0,0,1,3,1,1,0.313,0.353,0.5,0.853,0,0,0,0.48,0.070,Reds,,,,,,,
1939,Lefty Gomez,1,1,0,0,0,0,0,0,0,1,0,0,0,0,0,0,0,-0.01,-0.003,Reds,,,,,,,
1939,Joe Gordon,4,14,1,2,0,0,0,1,0,2,0.143,0.143,0.143,0.286,0,0,0,0.01,-0.014,Reds,,,,,,,
1939,Bump Hadley,1,3,0,0,0,0,0,0,0,0,0,0,0,0,0,0,1,-0.03,-0.008,Reds,,,,,,,
1939,Oral Hildebrand,1,1,0,0,0,0,0,0,0,1,0,0,0,0,0,0,0,-0.01,-0.001,Reds,,,,,,,
1939,Charlie Keller,4,16,8,7,1,1,3,6,1,2,0.438,0.471,1.188,1.658,0,0,0,0.98,0.214,Reds,,,,,,,
1939,Johnny Murphy,1,2,0,0,0,0,0,0,0,1,0,0,0,0,0,0,0,-0.17,-0.018,Reds,,,,,,,
1939,Monte Pearson,1,2,0,0,0,0,0,0,0,1,0,0,0,0,0,0,0,-0.03,-0.008,Reds,,,,,,,
1939,Red Rolfe,4,16,2,2,0,0,0,0,0,0,0.125,0.125,0.125,0.25,0,0,1,-0.31,-0.069,Reds,,,,,,,
1939,Red Ruffing,1,3,0,1,0,0,0,0,0,1,0.333,0.333,0.333,0.667,0,0,0,-0.07,-0.020,Reds,,,,,,,
1939,George Selkirk,4,12,0,2,1,0,0,0,3,2,0.167,0.333,0.25,0.583,0,0,0,-0.15,-0.040,Reds,,,,,,,
1939,Steve Sundra,1,0,0,0,0,0,0,0,1,0,,1,,,0,0,0,0.04,0.004,Reds,,,,,,,
1941,Tiny Bonham,1,4,0,0,0,0,0,0,0,4,0,0,0,0,0,0,0,-0.09,-0.020,Bklyn Dodgers,,,,,,,
1941,Frenchy Bordagaray,1,0,0,0,0,0,0,0,0,0,,,,,0,0,,0,0.000,Bklyn Dodgers,,,,,,,
1941,Marv Breuer,1,1,0,0,0,0,0,0,0,0,0,0,0,0,0,0,0,-0.03,-0.009,Bklyn Dodgers,,,,,,,
1941,Spud Chandler,1,2,0,1,0,0,0,1,0,0,0.5,0.5,0.5,1,0,0,0,0.03,0.009,Bklyn Dodgers,,,,,,,
1941,Bill Dickey,5,18,3,3,1,0,0,1,3,1,0.167,0.286,0.222,0.508,0,0,0,0.01,-0.017,Bklyn Dodgers,,,,,,,
1941,Joe DiMaggio,5,19,1,5,0,0,0,1,2,2,0.263,0.333,0.263,0.596,0,0,0,-0.01,0.024,Bklyn Dodgers,,,,,,,
1941,Atley Donald,1,2,0,0,0,0,0,0,0,1,0,0,0,0,0,0,0,-0.08,-0.033,Bklyn Dodgers,,,,,,,
1941,Joe Gordon,5,14,2,7,1,1,1,5,7,0,0.5,0.667,0.929,1.595,0,0,1,0.4,0.125,Bklyn Dodgers,,,,,,,
1941,Tommy Henrich,5,18,4,3,1,0,1,1,3,3,0.167,0.318,0.389,0.707,0,0,0,-0.11,-0.044,Bklyn Dodgers,,,,,,,
1941,Charlie Keller,5,18,5,7,2,0,0,5,3,1,0.389,0.476,0.5,0.976,0,0,0,0.85,0.313,Bklyn Dodgers,,,,,,,
1941,Johnny Murphy,2,2,0,0,0,0,0,0,0,1,0,0,0,0,0,0,0,-0.08,-0.029,Bklyn Dodgers,,,,,,,
1941,Phil Rizzuto,5,18,0,2,0,0,0,0,3,1,0.111,0.238,0.111,0.349,1,0,1,-0.42,-0.144,Bklyn Dodgers,,,,,,,
1941,Red Rolfe,5,20,2,6,0,0,0,0,2,1,0.3,0.364,0.3,0.664,0,1,0,-0.32,-0.098,Bklyn Dodgers,,,,,,,
1941,Buddy Rosar,1,0,0,0,0,0,0,0,0,0,,,,,0,0,0,0,0.000,Bklyn Dodgers,,,,,,,
1941,Red Ruffing,1,3,0,0,0,0,0,0,0,0,0,0,0,0,0,0,0,-0.07,-0.020,Bklyn Dodgers,,,,,,,
1941,Marius Russo,1,4,0,0,0,0,0,0,0,1,0,0,0,0,0,0,0,-0.17,-0.059,Bklyn Dodgers,,,,,,,
1941,George Selkirk,2,2,0,1,0,0,0,0,0,0,0.5,0.5,0.5,1,0,0,,0.11,0.038,Bklyn Dodgers,,,,,,,
1941,Johnny Sturm,5,21,0,6,0,0,0,2,0,2,0.286,0.318,0.286,0.604,1,1,0,-0.21,-0.050,Bklyn Dodgers,,,,,,,
1942,Tiny Bonham,2,2,0,0,0,0,0,0,1,0,0,0.333,0,0.333,0,0,0,0.01,0.003,Cardinals,,,,,,,
1942,Hank Borowy,1,1,0,0,0,0,0,0,0,1,0,0,0,0,0,0,0,-0.02,-0.007,Cardinals,,,,,,,
1942,Marv Breuer,1,0,0,0,0,0,0,0,0,0,,,,,0,0,1,0,0.000,Cardinals,,,,,,,
1942,Spud Chandler,2,2,0,0,0,0,0,0,0,1,0,0,0,0,0,0,0,-0.04,-0.017,Cardinals,,,,,,,
1942,Frankie Crosetti,1,3,0,0,0,0,0,0,0,1,0,0,0,0,0,0,0,-0.11,-0.043,Cardinals,,,,,,,
1942,Roy Cullenbine,5,19,3,5,1,0,0,2,1,2,0.263,0.3,0.316,0.616,1,0,0,-0.21,-0.047,Cardinals,,,,,,,
1942,Bill Dickey,5,19,1,5,0,0,0,0,1,0,0.263,0.3,0.263,0.563,0,0,1,0.07,0.005,Cardinals,,,,,,,
1942,Joe DiMaggio,5,21,3,7,0,0,0,3,0,1,0.333,0.333,0.333,0.667,0,0,0,-0.1,-0.030,Cardinals,,,,,,,
1942,Atley Donald,1,2,0,0,0,0,0,0,0,0,0,0,0,0,0,0,0,-0.06,-0.019,Cardinals,,,,,,,
1942,Joe Gordon,5,21,1,2,1,0,0,0,0,7,0.095,0.095,0.143,0.238,0,0,0,-0.51,-0.149,Cardinals,,,,,,,
1942,Buddy Hassett,3,9,1,3,1,0,0,2,0,1,0.333,0.333,0.444,0.778,0,0,1,-0.07,-0.009,Cardinals,,,,,,,
1942,Charlie Keller,5,20,2,4,0,0,2,5,1,3,0.2,0.238,0.5,0.738,0,0,0,0.22,0.062,Cardinals,,,,,,,
1942,Jerry Priddy,3,10,0,1,1,0,0,1,1,0,0.1,0.182,0.2,0.382,0,0,1,-0.03,0.000,Cardinals,,,,,,,
1942,Phil Rizzuto,5,21,2,8,0,0,1,1,2,1,0.381,0.435,0.524,0.959,2,0,1,0.25,0.069,Cardinals,,,,,,,
1942,Red Rolfe,4,17,5,6,2,0,0,0,1,2,0.353,0.389,0.471,0.859,0,0,0,-0.12,-0.045,Cardinals,,,,,,,
1942,Buddy Rosar,1,1,0,1,0,0,0,0,0,0,1,1,1,2,0,0,,0.03,0.010,Cardinals,,,,,,,
1942,Red Ruffing,4,9,0,2,0,0,0,0,0,2,0.222,0.222,0.222,0.444,0,0,0,-0.26,-0.074,Cardinals,,,,,,,
1942,George Selkirk,1,1,0,0,0,0,0,0,0,0,0,0,0,0,0,0,,-0.04,-0.009,Cardinals,,,,,,,
1942,Tuck Stainback,2,0,0,0,0,0,0,0,0,0,,,,,0,0,,0,0.000,Cardinals,,,,,,,
1942,Jim Turner,1,0,0,0,0,0,0,0,0,0,,,,,0,0,0,0,0.000,Cardinals,,,,,,,
1943,Tiny Bonham,1,2,0,0,0,0,0,0,0,0,0,0,0,0,0,0,0,-0.04,-0.014,Cardinals,,,,,,,
1943,Hank Borowy,1,2,1,1,1,0,0,0,0,1,0.5,0.5,1,1.5,0,0,0,0.08,0.032,Cardinals,,,,,,,
1943,Spud Chandler,2,6,0,1,0,0,0,0,0,2,0.167,0.167,0.167,0.333,0,0,0,-0.1,-0.027,Cardinals,,,,,,,
1943,Frankie Crosetti,5,18,4,5,0,0,0,1,2,3,0.278,0.35,0.278,0.628,1,0,3,0.22,0.074,Cardinals,,,,,,,
1943,Bill Dickey,5,18,1,5,0,0,1,4,2,2,0.278,0.35,0.444,0.794,0,0,0,0.3,0.094,Cardinals,,,,,,,
1943,Nick Etten,5,19,0,2,0,0,0,2,1,2,0.105,0.15,0.105,0.255,0,0,1,-0.27,-0.103,Cardinals,,,,,,,
1943,Joe Gordon,5,17,2,4,1,0,1,2,3,3,0.235,0.35,0.471,0.821,0,0,0,-0.1,-0.043,Cardinals,,,,,,,
1943,Billy Johnson,5,20,3,6,1,1,0,3,0,3,0.3,0.3,0.45,0.75,0,0,1,0.37,0.122,Cardinals,,,,,,,
1943,Charlie Keller,5,18,3,4,0,1,0,2,2,5,0.222,0.3,0.333,0.633,1,0,0,-0.23,-0.067,Cardinals,,,,,,,
1943,Johnny Lindell,4,9,1,1,0,0,0,0,1,4,0.111,0.2,0.111,0.311,0,0,0,0.01,0.013,Cardinals,,,,,,,
1943,Bud Metheny,2,8,0,1,0,0,0,0,0,2,0.125,0.125,0.125,0.25,0,0,0,-0.02,-0.003,Cardinals,,,,,,,
1943,Johnny Murphy,2,0,0,0,0,0,0,0,0,0,,,,,0,0,0,0,0.000,Cardinals,,,,,,,
1943,Marius Russo,1,3,1,2,2,0,0,0,1,1,0.667,0.75,1.333,2.083,0,0,0,0.15,0.062,Cardinals,,,,,,,
1943,Tuck Stainback,5,17,0,3,0,0,0,0,0,2,0.176,0.176,0.176,0.353,0,0,0,-0.3,-0.106,Cardinals,,,,,,,
1943,Snuffy Stirnweiss,1,1,1,0,0,0,0,0,0,0,0,0,0,0,0,0,,0.18,0.063,Cardinals,,,,,,,
1943,Roy Weatherly,1,1,0,0,0,0,0,0,0,0,0,0,0,0,0,0,,-0.02,-0.008,Cardinals,,,,,,,
1947,Yogi Berra,6,19,2,3,0,0,1,2,1,2,0.158,0.2,0.316,0.516,0,0,2,0.06,-0.039,Bklyn Dodgers,,,,,,,
1947,Bill Bevens,2,4,0,0,0,0,0,0,0,2,0,0,0,0,0,0,0,-0.13,-0.085,Bklyn Dodgers,,,,,,,
1947,Bobby Brown,4,3,2,3,2,0,0,3,1,0,1,1,1.667,2.667,0,0,,0.41,0.253,Bklyn Dodgers,,,,,,,
1947,Spud Chandler,1,0,0,0,0,0,0,0,0,0,,,,,0,0,0,0,0.000,Bklyn Dodgers,,,,,,,
1947,Allie Clark,3,2,1,1,0,0,0,1,1,0,0.5,0.667,0.5,1.167,0,0,0,0.11,0.093,Bklyn Dodgers,,,,,,,
1947,Joe DiMaggio,7,26,4,6,0,0,2,5,6,2,0.231,0.375,0.462,0.837,0,0,0,-0.23,-0.110,Bklyn Dodgers,,,,,,,
1947,Karl Drews,2,2,0,0,0,0,0,0,0,2,0,0,0,0,0,0,0,-0.07,-0.034,Bklyn Dodgers,,,,,,,
1947,Lonny Frey,1,1,0,0,0,0,0,1,0,0,0,0,0,0,0,0,,-0.1,-0.050,Bklyn Dodgers,,,,,,,
1947,Tommy Henrich,7,31,2,10,2,0,1,5,2,3,0.323,0.364,0.484,0.848,0,0,0,0.09,0.023,Bklyn Dodgers,,,,,,,
1947,Ralph Houk,1,1,0,1,0,0,0,0,0,0,1,1,1,2,0,0,,0.05,0.023,Bklyn Dodgers,,,,,,,
1947,Billy Johnson,7,26,8,7,0,3,0,2,3,4,0.269,0.367,0.5,0.867,0,0,0,-0.06,-0.020,Bklyn Dodgers,,,,,,,
1947,Johnny Lindell,6,18,3,9,3,1,0,7,5,2,0.5,0.625,0.778,1.403,0,0,0,0.61,0.203,Bklyn Dodgers,,,,,,,
1947,Sherm Lollar,2,4,3,3,2,0,0,1,0,0,0.75,0.75,1.25,2,0,0,0,0.11,0.043,Bklyn Dodgers,,,,,,,
1947,George McQuinn,7,23,3,3,0,0,0,1,5,8,0.13,0.286,0.13,0.416,0,0,1,-0.27,-0.115,Bklyn Dodgers,,,,,,,
1947,Bobo Newsom,2,0,0,0,0,0,0,0,0,0,,,,,0,0,0,0,0.000,Bklyn Dodgers,,,,,,,
1947,Joe Page,4,4,0,0,0,0,0,0,0,1,0,0,0,0,0,0,0,-0.08,-0.046,Bklyn Dodgers,,,,,,,
1947,Jack Phillips,2,2,0,0,0,0,0,0,0,0,0,0,0,0,0,0,0,-0.04,-0.014,Bklyn Dodgers,,,,,,,
1947,Vic Raschi,2,0,0,0,0,0,0,0,0,0,,,,,0,0,0,0,0.000,Bklyn Dodgers,,,,,,,
1947,Allie Reynolds,2,4,2,2,0,0,0,1,0,0,0.5,0.5,0.5,1,0,0,0,-0.07,-0.021,Bklyn Dodgers,,,,,,,
1947,Phil Rizzuto,7,26,3,8,1,0,0,2,4,0,0.308,0.4,0.346,0.746,2,1,0,-0.01,0.121,Bklyn Dodgers,,,,,,,
1947,Aaron Robinson,3,10,2,2,0,0,0,1,2,1,0.2,0.333,0.2,0.533,0,0,1,-0.03,-0.033,Bklyn Dodgers,,,,,,,
1947,Spec Shea,3,5,0,2,1,0,0,1,0,2,0.4,0.4,0.6,1,0,0,0,0.12,0.066,Bklyn Dodgers,,,,,,,
1947,Snuffy Stirnweiss,7,27,3,7,0,1,0,3,8,8,0.259,0.429,0.333,0.762,0,0,0,-0.07,-0.013,Bklyn Dodgers,,,,,,,
1947,Butch Wensloff,1,0,0,0,0,0,0,0,0,0,,,,,0,0,0,0,0.000,Bklyn Dodgers,,,,,,,
1949,Hank Bauer,3,6,0,1,0,0,0,0,0,0,0.167,0.167,0.167,0.333,0,0,0,-0.23,-0.077,Bklyn Dodgers,,,,,,,
1949,Yogi Berra,4,16,2,1,0,0,0,1,1,3,0.063,0.118,0.063,0.18,0,0,0,-0.29,-0.093,Bklyn Dodgers,,,,,,,
1949,Bobby Brown,4,12,4,6,1,2,0,5,2,2,0.5,0.571,0.917,1.488,0,0,0,0.11,0.030,Bklyn Dodgers,,,,,,,
1949,Tommy Byrne,1,1,0,1,0,0,0,0,0,0,1,1,1,2,0,0,0,0.07,0.029,Bklyn Dodgers,,,,,,,
1949,Jerry Coleman,5,20,0,5,3,0,0,4,0,4,0.25,0.25,0.4,0.65,0,0,1,-0.09,-0.051,Bklyn Dodgers,,,,,,,
1949,Joe DiMaggio,5,18,2,2,0,0,1,2,3,5,0.111,0.238,0.278,0.516,0,0,0,-0.17,-0.060,Bklyn Dodgers,,,,,,,
1949,Tommy Henrich,5,19,4,5,0,0,1,1,3,0,0.263,0.364,0.421,0.785,0,0,0,0.09,0.023,Bklyn Dodgers,,,,,,,
1949,Billy Johnson,2,7,0,1,0,0,0,0,0,2,0.143,0.143,0.143,0.286,1,0,0,-0.2,-0.064,Bklyn Dodgers,,,,,,,
1949,Johnny Lindell,2,7,0,1,0,0,0,0,0,2,0.143,0.143,0.143,0.286,0,0,1,-0.22,-0.075,Bklyn Dodgers,,,,,,,
1949,Eddie Lopat,1,3,0,1,1,0,0,1,0,0,0.333,0.333,0.667,1,0,0,0,0.07,0.030,Bklyn Dodgers,,,,,,,
1949,Cliff Mapes,4,10,3,1,1,0,0,2,2,4,0.1,0.25,0.2,0.45,0,0,1,0.04,0.033,Bklyn Dodgers,,,,,,,
1949,Johnny Mize,2,2,0,2,0,0,0,2,0,0,1,1,1,2,0,0,,0.49,0.193,Bklyn Dodgers,,,,,,,
1949,Gus Niarhos,1,0,0,0,0,0,0,0,0,0,,,,,0,0,0,0,0.000,Bklyn Dodgers,,,,,,,
1949,Joe Page,3,4,0,0,0,0,0,0,0,2,0,0,0,0,0,0,0,-0.07,-0.024,Bklyn Dodgers,,,,,,,
1949,Vic Raschi,2,5,0,1,0,0,0,1,1,1,0.2,0.333,0.2,0.533,0,0,0,-0.01,-0.011,Bklyn Dodgers,,,,,,,
1949,Allie Reynolds,2,4,0,2,1,0,0,0,0,1,0.5,0.5,0.75,1.25,0,0,0,0.02,0.004,Bklyn Dodgers,,,,,,,
1949,Phil Rizzuto,5,18,2,3,0,0,0,1,3,1,0.167,0.286,0.167,0.452,1,0,0,-0.12,-0.039,Bklyn Dodgers,,,,,,,
1949,Charlie Silvera,1,2,0,0,0,0,0,0,0,0,0,0,0,0,0,0,0,-0.07,-0.026,Bklyn Dodgers,,,,,,,
1949,Snuffy Stirnweiss,1,0,0,0,0,0,0,0,0,0,,,,,0,0,,0,0.000,Bklyn Dodgers,,,,,,,
1949,Gene Woodling,3,10,4,4,3,0,0,0,3,0,0.4,0.538,0.7,1.238,0,0,0,0.02,0.005,Bklyn Dodgers,,,,,,,
1950,Hank Bauer,4,15,0,2,0,0,0,1,0,0,0.133,0.133,0.133,0.267,0,0,0,-0.18,-0.045,Phillies,,,,,,,
1950,Yogi Berra,4,15,2,3,0,0,1,2,2,1,0.2,0.294,0.4,0.694,0,0,0,-0.07,-0.055,Phillies,,,,,,,
1950,Bobby Brown,4,12,2,4,1,1,0,1,0,0,0.333,0.333,0.583,0.917,0,0,1,0.32,0.085,Phillies,,,,,,,
1950,Jerry Coleman,4,14,2,4,1,0,0,3,2,0,0.286,0.375,0.357,0.732,0,0,0,0.36,0.081,Phillies,,,,,,,
1950,Joe Collins,1,0,0,0,0,0,0,0,0,0,,,,,0,0,0,0,0.000,Phillies,,,,,,,
1950,Joe DiMaggio,4,13,2,4,1,0,1,2,3,1,0.308,0.471,0.615,1.086,0,0,0,0.25,0.073,Phillies,,,,,,,
1950,Tom Ferrick,1,0,0,0,0,0,0,0,0,0,,,,,0,0,0,0,0.000,Phillies,,,,,,,
1950,Whitey Ford,1,3,0,0,0,0,0,0,0,2,0,0,0,0,0,0,0,-0.02,-0.003,Phillies,,,,,,,
1950,Johnny Hopp,3,2,0,0,0,0,0,0,0,0,0,0,0,0,0,0,0,-0.01,-0.004,Phillies,,,,,,,
1950,Jackie Jensen,1,0,0,0,0,0,0,0,0,0,,,,,0,0,,0,0.000,Phillies,,,,,,,
1950,Billy Johnson,4,6,0,0,0,0,0,0,0,3,0,0,0,0,0,0,0,-0.15,-0.038,Phillies,,,,,,,
1950,Eddie Lopat,1,2,0,1,0,0,0,0,0,1,0.5,0.5,0.5,1,0,0,0,-0.01,-0.001,Phillies,,,,,,,
1950,Cliff Mapes,1,4,0,0,0,0,0,0,0,1,0,0,0,0,0,0,0,-0.12,-0.028,Phillies,,,,,,,
1950,Johnny Mize,4,15,0,2,0,0,0,0,0,1,0.133,0.133,0.133,0.267,0,0,0,-0.52,-0.139,Phillies,,,,,,,
1950,Vic Raschi,1,3,0,1,0,0,0,0,0,0,0.333,0.333,0.333,0.667,0,0,0,0.04,0.015,Phillies,,,,,,,
1950,Allie Reynolds,2,3,0,1,0,0,0,0,1,2,0.333,0.5,0.333,0.833,0,0,0,-0.11,-0.031,Phillies,,,,,,,
1950,Phil Rizzuto,4,14,1,2,0,0,0,0,3,0,0.143,0.294,0.143,0.437,1,0,0,-0.15,-0.044,Phillies,,,,,,,
1950,Gene Woodling,4,14,2,6,0,0,0,1,2,0,0.429,0.5,0.429,0.929,0,1,1,0.06,0.021,Phillies,,,,,,,
1951,Hank Bauer,6,18,0,3,0,1,0,3,1,1,0.167,0.211,0.278,0.488,0,0,0,0.05,0.038,NY Giants,,,,,,,
1951,Yogi Berra,6,23,4,6,1,0,0,0,2,1,0.261,0.32,0.304,0.624,0,0,1,0.05,0.038,NY Giants,,,,,,,
1951,Bobby Brown,5,14,1,5,1,0,0,0,2,1,0.357,0.438,0.429,0.866,0,0,0,-0.09,-0.034,NY Giants,,,,,,,
1951,Jerry Coleman,5,8,2,2,0,0,0,0,1,2,0.25,0.333,0.25,0.583,0,0,0,0.05,0.015,NY Giants,,,,,,,
1951,Joe Collins,6,18,2,4,0,0,1,3,2,1,0.222,0.3,0.389,0.689,0,0,0,0.02,-0.001,NY Giants,,,,,,,
1951,Joe DiMaggio,6,23,3,6,2,0,1,5,2,4,0.261,0.32,0.478,0.798,0,0,0,-0.01,0.029,NY Giants,,,,,,,
1951,Bobby Hogue,2,0,0,0,0,0,0,0,0,0,,,,,0,0,0,0,0.000,NY Giants,,,,,,,
1951,Johnny Hopp,1,0,0,0,0,0,0,0,1,0,,1,,,0,0,,0,0.001,NY Giants,,,,,,,
1951,Bob Kuzava,1,0,0,0,0,0,0,0,0,0,,,,,0,0,0,0,0.000,NY Giants,,,,,,,
1951,Eddie Lopat,2,8,0,1,0,0,0,1,0,2,0.125,0.125,0.125,0.25,0,0,0,0.01,-0.006,NY Giants,,,,,,,
1951,Mickey Mantle,2,5,1,1,0,0,0,0,2,1,0.2,0.429,0.2,0.629,0,0,0,0.08,0.025,NY Giants,,,,,,,
1951,Billy Martin,1,0,1,0,0,0,0,0,0,0,,,,,0,0,,0,0.000,NY Giants,,,,,,,
1951,Gil McDougald,6,23,2,6,1,0,1,7,2,2,0.261,0.32,0.435,0.755,0,1,1,0.34,0.172,NY Giants,,,,,,,
1951,Johnny Mize,4,7,2,2,1,0,0,1,2,0,0.286,0.444,0.429,0.873,0,0,0,-0.04,-0.013,NY Giants,,,,,,,
1951,Tom Morgan,1,0,0,0,0,0,0,0,0,0,,,,,0,0,0,0,0.000,NY Giants,,,,,,,
1951,Joe Ostrowski,1,0,0,0,0,0,0,0,0,0,,,,,0,0,0,0,0.000,NY Giants,,,,,,,
1951,Vic Raschi,2,2,0,0,0,0,0,0,2,1,0,0.5,0,0.5,0,0,0,-0.05,-0.014,NY Giants,,,,,,,
1951,Allie Reynolds,2,6,0,2,0,0,0,1,0,1,0.333,0.333,0.333,0.667,0,0,0,-0.01,-0.001,NY Giants,,,,,,,
1951,Phil Rizzuto,6,25,5,8,0,0,1,3,2,3,0.32,0.393,0.44,0.833,0,1,1,-0.1,-0.028,NY Giants,,,,,,,
1951,Johnny Sain,1,1,0,0,0,0,0,0,0,0,0,0,0,0,0,0,0,-0.01,-0.002,NY Giants,,,,,,,
1951,Gene Woodling,6,18,6,3,1,1,1,1,5,3,0.167,0.348,0.5,0.848,0,0,1,-0.1,-0.033,NY Giants,,,,,,,
1952,Hank Bauer,7,18,2,1,0,0,0,1,4,3,0.056,0.227,0.056,0.283,0,1,0,-0.42,-0.118,Bklyn Dodgers,,,,,,,
1952,Yogi Berra,7,28,2,6,1,0,2,3,2,4,0.214,0.267,0.464,0.731,0,0,1,0.02,-0.083,Bklyn Dodgers,,,,,,,
1952,Ewell Blackwell,1,1,0,0,0,0,0,0,0,0,0,0,0,0,0,0,0,-0.02,-0.010,Bklyn Dodgers,,,,,,,
1952,Joe Collins,6,12,1,0,0,0,0,0,1,3,0,0.077,0,0.077,0,0,0,-0.39,-0.142,Bklyn Dodgers,,,,,,,
1952,Tom Gorman,1,0,0,0,0,0,0,0,0,0,,,,,0,0,0,0,0.000,Bklyn Dodgers,,,,,,,
1952,Ralph Houk,1,1,0,0,0,0,0,0,0,0,0,0,0,0,0,0,,-0.02,-0.025,Bklyn Dodgers,,,,,,,
1952,Bob Kuzava,1,1,0,0,0,0,0,0,0,0,0,0,0,0,0,0,0,-0.01,-0.008,Bklyn Dodgers,,,,,,,
1952,Eddie Lopat,2,3,0,1,0,0,0,1,1,1,0.333,0.5,0.333,0.833,0,0,0,0.12,0.029,Bklyn Dodgers,,,,,,,
1952,Mickey Mantle,7,29,5,10,1,1,2,3,3,4,0.345,0.406,0.655,1.061,0,0,0,0.3,0.275,Bklyn Dodgers,,,,,,,
1952,Billy Martin,7,23,2,5,0,0,1,4,2,2,0.217,0.308,0.348,0.656,0,1,1,-0.32,-0.185,Bklyn Dodgers,,,,,,,
1952,Gil McDougald,7,25,5,5,0,0,1,3,5,2,0.2,0.333,0.32,0.653,1,0,4,-0.29,-0.142,Bklyn Dodgers,,,,,,,
1952,Johnny Mize,5,15,3,6,1,0,3,6,3,1,0.4,0.5,1.067,1.567,0,0,0,0.55,0.313,Bklyn Dodgers,,,,,,,
1952,Irv Noren,4,10,0,3,0,0,0,1,1,3,0.3,0.364,0.3,0.664,0,0,0,0.02,-0.004,Bklyn Dodgers,,,,,,,
1952,Vic Raschi,3,6,0,1,0,0,0,1,1,2,0.167,0.286,0.167,0.452,0,0,0,0.1,0.055,Bklyn Dodgers,,,,,,,
1952,Allie Reynolds,4,7,0,0,0,0,0,0,0,2,0,0,0,0,0,0,2,-0.15,-0.065,Bklyn Dodgers,,,,,,,
1952,Phil Rizzuto,7,27,2,4,1,0,0,0,5,2,0.148,0.281,0.185,0.466,0,1,1,-0.23,-0.065,Bklyn Dodgers,,,,,,,
1952,Johnny Sain,2,3,0,0,0,0,0,0,0,0,0,0,0,0,0,0,0,-0.1,-0.046,Bklyn Dodgers,,,,,,,
1952,Ray Scarborough,1,0,0,0,0,0,0,0,0,0,,,,,0,0,0,0,0.000,Bklyn Dodgers,,,,,,,
1952,Gene Woodling,7,23,4,8,1,1,1,1,3,3,0.348,0.423,0.609,1.032,0,0,1,0.28,0.184,Bklyn Dodgers,,,,,,,
1953,Hank Bauer,6,23,6,6,0,1,0,1,2,4,0.261,0.346,0.348,0.694,0,0,0,0.1,0.029,Bklyn Dodgers,,,,,,,
1953,Yogi Berra,6,21,3,9,1,0,1,4,3,3,0.429,0.538,0.619,1.158,0,1,0,0.22,0.061,Bklyn Dodgers,,,,,,,
1953,Don Bollweg,3,2,0,0,0,0,0,0,0,2,0,0,0,0,0,0,0,-0.1,-0.025,Bklyn Dodgers,,,,,,,
1953,Joe Collins,6,24,4,4,1,0,1,2,3,8,0.167,0.259,0.333,0.593,0,0,0,-0.04,0.005,Bklyn Dodgers,,,,,,,
1953,Whitey Ford,2,3,0,1,0,0,0,0,0,0,0.333,0.333,0.333,0.667,0,0,0,0.04,0.018,Bklyn Dodgers,,,,,,,
1953,Tom Gorman,1,1,0,0,0,0,0,0,0,1,0,0,0,0,0,0,0,-0.02,-0.005,Bklyn Dodgers,,,,,,,
1953,Bob Kuzava,1,1,0,0,0,0,0,0,0,1,0,0,0,0,0,0,0,0,0.000,Bklyn Dodgers,,,,,,,
1953,Eddie Lopat,1,3,0,0,0,0,0,0,0,2,0,0,0,0,0,0,0,-0.11,-0.035,Bklyn Dodgers,,,,,,,
1953,Mickey Mantle,6,24,3,5,0,0,2,7,3,8,0.208,0.296,0.458,0.755,0,1,0,0.26,0.143,Bklyn Dodgers,,,,,,,
1953,Billy Martin,6,24,5,12,1,2,2,8,1,2,0.5,0.52,0.958,1.478,1,2,0,0.69,0.269,Bklyn Dodgers,,,,,,,
1953,Jim McDonald,1,2,0,1,1,0,0,1,1,1,0.5,0.667,1,1.667,0,0,0,-0.02,-0.011,Bklyn Dodgers,,,,,,,
1953,Gil McDougald,6,24,2,4,0,1,2,4,1,3,0.167,0.231,0.5,0.731,0,0,0,-0.07,-0.024,Bklyn Dodgers,,,,,,,
1953,Johnny Mize,3,3,0,0,0,0,0,0,0,1,0,0,0,0,0,0,,-0.09,-0.026,Bklyn Dodgers,,,,,,,
1953,Irv Noren,2,1,0,0,0,0,0,0,1,0,0,0.5,0,0.5,0,0,,0.03,0.006,Bklyn Dodgers,,,,,,,
1953,Vic Raschi,1,2,0,0,0,0,0,0,0,1,0,0,0,0,0,0,0,-0.06,-0.015,Bklyn Dodgers,,,,,,,
1953,Allie Reynolds,3,2,0,1,0,0,0,0,1,1,0.5,0.667,0.5,1.167,0,0,0,0.01,0.006,Bklyn Dodgers,,,,,,,
1953,Phil Rizzuto,6,19,4,6,1,0,0,0,3,2,0.316,0.409,0.368,0.778,1,0,1,-0.07,-0.011,Bklyn Dodgers,,,,,,,
1953,Johnny Sain,2,2,1,1,1,0,0,2,0,1,0.5,0.5,1,1.5,0,0,0,0.05,0.014,Bklyn Dodgers,,,,,,,
1953,Art Schallock,1,0,0,0,0,0,0,0,0,0,,,,,0,0,0,0,0.000,Bklyn Dodgers,,,,,,,
1953,Gene Woodling,6,20,5,6,0,0,1,3,6,2,0.3,0.462,0.45,0.912,0,0,0,0.15,0.052,Bklyn Dodgers,,,,,,,
1955,Hank Bauer,6,14,1,6,0,0,0,1,0,1,0.429,0.429,0.429,0.857,0,1,0,-0.09,-0.173,Bklyn Dodgers,,,,,,,
1955,Yogi Berra,7,24,5,10,1,0,1,2,3,1,0.417,0.5,0.583,1.083,0,1,0,0.07,-0.117,Bklyn Dodgers,,,,,,,
1955,Tommy Byrne,3,6,0,1,0,0,0,2,0,2,0.167,0.167,0.167,0.333,0,0,0,-0.01,-0.036,Bklyn Dodgers,,,,,,,
1955,Andy Carey,2,2,0,1,0,1,0,1,0,0,0.5,0.5,1.5,2,0,0,,0.01,-0.008,Bklyn Dodgers,,,,,,,
1955,Tom Carroll,2,0,0,0,0,0,0,0,0,0,,,,,0,0,,0,0.000,Bklyn Dodgers,,,,,,,
1955,Bob Cerv,5,16,1,2,0,0,1,1,0,4,0.125,0.125,0.313,0.438,0,0,0,-0.22,-0.156,Bklyn Dodgers,,,,,,,
1955,Jerry Coleman,3,3,0,0,0,0,0,0,0,1,0,0,0,0,0,0,0,-0.03,-0.013,Bklyn Dodgers,,,,,,,
1955,Rip Coleman,1,0,0,0,0,0,0,0,0,0,,,,,0,0,0,0,0.000,Bklyn Dodgers,,,,,,,
1955,Joe Collins,5,12,6,2,0,0,2,3,6,4,0.167,0.444,0.667,1.111,1,0,0,0.19,0.054,Bklyn Dodgers,,,,,,,
1955,Whitey Ford,2,6,1,0,0,0,0,0,1,1,0,0.143,0,0.143,0,0,0,0,0.000,Bklyn Dodgers,,,,,,,
1955,Bob Grim,3,2,0,0,0,0,0,0,0,0,0,0,0,0,0,0,0,-0.11,-0.052,Bklyn Dodgers,,,,,,,
1955,Elston Howard,7,26,3,5,0,0,1,3,1,8,0.192,0.222,0.308,0.53,0,0,0,0.09,0.002,Bklyn Dodgers,,,,,,,
1955,Johnny Kucks,2,0,0,0,0,0,0,0,0,0,,,,,0,0,0,0,0.000,Bklyn Dodgers,,,,,,,
1955,Don Larsen,1,2,0,0,0,0,0,0,0,0,0,0,0,0,0,0,0,-0.06,-0.022,Bklyn Dodgers,,,,,,,
1955,Mickey Mantle,3,10,1,2,0,0,1,1,0,2,0.2,0.2,0.5,0.7,0,0,0,-0.1,-0.061,Bklyn Dodgers,,,,,,,
1955,Billy Martin,7,25,2,8,1,1,0,4,1,5,0.32,0.346,0.44,0.786,0,2,0,0.06,0.017,Bklyn Dodgers,,,,,,,
1955,Gil McDougald,7,27,2,7,0,0,1,1,2,6,0.259,0.31,0.37,0.681,0,0,1,0.11,0.164,Bklyn Dodgers,,,,,,,
1955,Tom Morgan,2,0,0,0,0,0,0,0,0,0,,,,,0,0,0,0,0.000,Bklyn Dodgers,,,,,,,
1955,Irv Noren,5,16,0,1,0,0,0,1,1,1,0.063,0.118,0.063,0.18,0,0,0,-0.51,-0.199,Bklyn Dodgers,,,,,,,
1955,Phil Rizzuto,7,15,2,4,0,0,0,1,5,1,0.267,0.45,0.267,0.717,2,0,0,0.13,0.061,Bklyn Dodgers,,,,,,,
1955,Eddie Robinson,4,3,0,2,0,0,0,1,2,1,0.667,0.833,0.667,1.5,0,0,0,0.24,0.101,Bklyn Dodgers,,,,,,,
1955,Bill Skowron,5,12,2,4,2,0,1,3,0,1,0.333,0.333,0.75,1.083,0,0,1,-0.01,-0.073,Bklyn Dodgers,,,,,,,
1955,Tom Sturdivant,2,0,0,0,0,0,0,0,0,0,,,,,0,0,0,0,0.000,Bklyn Dodgers,,,,,,,
1955,Bob Turley,3,1,0,0,0,0,0,0,0,0,0,0,0,0,0,0,0,-0.04,-0.009,Bklyn Dodgers,,,,,,,
1956,Hank Bauer,7,32,3,9,0,0,1,3,0,5,0.281,0.281,0.375,0.656,1,0,1,-0.07,-0.002,Bklyn Dodgers,,,,,,,
1956,Yogi Berra,7,25,5,9,2,0,3,10,4,1,0.36,0.448,0.8,1.248,0,0,0,0.42,0.369,Bklyn Dodgers,,,,,,,
1956,Tommy Byrne,2,1,0,0,0,0,0,0,0,0,0,0,0,0,0,0,0,-0.02,-0.005,Bklyn Dodgers,,,,,,,
1956,Andy Carey,7,19,2,3,0,0,0,0,1,6,0.158,0.2,0.158,0.358,0,0,2,-0.24,-0.081,Bklyn Dodgers,,,,,,,
1956,Bob Cerv,1,1,0,1,0,0,0,0,0,0,1,1,1,2,0,0,,0.02,0.006,Bklyn Dodgers,,,,,,,
1956,Jerry Coleman,2,2,0,0,0,0,0,0,0,0,0,0,0,0,0,0,0,-0.05,-0.014,Bklyn Dodgers,,,,,,,
1956,Joe Collins,6,21,2,5,2,0,0,2,2,3,0.238,0.304,0.333,0.638,0,0,2,-0.05,-0.014,Bklyn Dodgers,,,,,,,
1956,Whitey Ford,2,4,0,0,0,0,0,0,0,3,0,0,0,0,0,0,0,-0.11,-0.027,Bklyn Dodgers,,,,,,,
1956,Elston Howard,1,5,1,2,1,0,1,1,0,0,0.4,0.4,1.2,1.6,0,0,0,0.02,0.019,Bklyn Dodgers,,,,,,,
1956,Johnny Kucks,3,3,0,0,0,0,0,0,0,1,0,0,0,0,0,0,0,-0.03,-0.032,Bklyn Dodgers,,,,,,,
1956,Don Larsen,2,3,1,1,0,0,0,1,0,1,0.333,0.333,0.333,0.667,0,0,0,0.05,0.013,Bklyn Dodgers,,,,,,,
1956,Mickey Mantle,7,24,6,6,1,0,3,4,6,5,0.25,0.4,0.667,1.067,1,0,0,0.13,0.020,Bklyn Dodgers,,,,,,,
1956,Billy Martin,7,27,5,8,0,0,2,3,1,6,0.296,0.321,0.519,0.84,0,0,0,-0.06,-0.061,Bklyn Dodgers,,,,,,,
1956,Mickey McDermott,1,1,0,1,0,0,0,0,0,0,1,1,1,2,0,0,0,0.01,0.002,Bklyn Dodgers,,,,,,,
1956,Gil McDougald,7,21,0,3,0,0,0,1,3,6,0.143,0.24,0.143,0.383,0,0,0,-0.27,-0.132,Bklyn Dodgers,,,,,,,
1956,Tom Morgan,2,1,1,1,0,0,0,0,0,0,1,1,1,2,0,0,0,0.08,0.023,Bklyn Dodgers,,,,,,,
1956,Norm Siebern,1,1,0,0,0,0,0,0,0,0,0,0,0,0,0,0,,-0.01,-0.003,Bklyn Dodgers,,,,,,,
1956,Bill Skowron,3,10,1,1,0,0,1,4,0,3,0.1,0.1,0.4,0.5,0,0,1,-0.15,-0.055,Bklyn Dodgers,,,,,,,
1956,Enos Slaughter,6,20,6,7,0,0,1,4,4,0,0.35,0.44,0.5,0.94,0,0,0,0.36,0.053,Bklyn Dodgers,,,,,,,
1956,Tom Sturdivant,2,3,0,1,0,0,0,0,0,1,0.333,0.333,0.333,0.667,0,0,0,0.01,0.004,Bklyn Dodgers,,,,,,,
1956,Bob Turley,3,4,0,0,0,0,0,0,0,1,0,0,0,0,0,0,0,-0.12,-0.060,Bklyn Dodgers,,,,,,,
1956,George Wilson,1,1,0,0,0,0,0,0,0,1,0,0,0,0,0,0,,-0.01,-0.003,Bklyn Dodgers,,,,,,,
1957,Hank Bauer,7,31,3,8,2,1,2,6,1,6,0.258,0.281,0.581,0.862,0,0,0,0.54,0.227,Mil Braves,,,,,,,
1957,Yogi Berra,7,25,5,8,1,0,1,2,4,0,0.32,0.414,0.48,0.894,0,0,1,0.26,0.144,Mil Braves,,,,,,,
1957,Tommy Byrne,2,2,0,1,0,0,0,0,0,1,0.5,0.5,0.5,1,0,0,0,-0.03,-0.003,Mil Braves,,,,,,,
1957,Andy Carey,2,7,0,2,1,0,0,1,1,0,0.286,0.375,0.429,0.804,0,0,0,0.06,0.016,Mil Braves,,,,,,,
1957,Jerry Coleman,7,22,2,8,2,0,0,2,3,1,0.364,0.44,0.455,0.895,0,0,0,0.15,0.044,Mil Braves,,,,,,,
1957,Joe Collins,6,5,0,0,0,0,0,0,0,3,0,0,0,0,0,0,0,-0.1,-0.056,Mil Braves,,,,,,,
1957,Art Ditmar,2,1,0,0,0,0,0,0,0,1,0,0,0,0,0,0,0,-0.05,-0.017,Mil Braves,,,,,,,
1957,Whitey Ford,2,5,0,0,0,0,0,0,0,1,0,0,0,0,0,0,0,-0.11,-0.038,Mil Braves,,,,,,,
1957,Bob Grim,2,0,0,0,0,0,0,0,0,0,,,,,0,0,0,0,0.000,Mil Braves,,,,,,,
1957,Elston Howard,6,11,2,3,0,0,1,3,1,3,0.273,0.333,0.545,0.879,0,0,1,0.26,0.062,Mil Braves,,,,,,,
1957,Tony Kubek,7,28,4,8,0,0,2,4,0,4,0.286,0.286,0.5,0.786,0,0,2,-0.24,-0.105,Mil Braves,,,,,,,
1957,Johnny Kucks,1,0,0,0,0,0,0,0,0,0,,,,,0,0,0,0,0.000,Mil Braves,,,,,,,
1957,Don Larsen,2,2,1,0,0,0,0,0,2,1,0,0.5,0,0.5,0,0,0,-0.02,-0.006,Mil Braves,,,,,,,
1957,Jerry Lumpe,6,14,0,4,0,0,0,2,1,1,0.286,0.333,0.286,0.619,0,1,0,-0.01,-0.033,Mil Braves,,,,,,,
1957,Mickey Mantle,6,19,3,5,0,0,1,2,3,1,0.263,0.364,0.421,0.785,0,2,1,-0.05,-0.040,Mil Braves,,,,,,,
1957,Gil McDougald,7,24,3,6,0,0,0,2,3,3,0.25,0.321,0.25,0.571,1,0,1,-0.29,-0.159,Mil Braves,,,,,,,
1957,Bobby Richardson,2,0,0,0,0,0,0,0,0,0,,,,,0,0,0,0,0.000,Mil Braves,,,,,,,
1957,Bobby Shantz,3,1,0,0,0,0,0,0,0,0,0,0,0,0,0,0,0,-0.04,-0.013,Mil Braves,,,,,,,
1957,Harry Simpson,5,12,0,1,0,0,0,1,0,4,0.083,0.083,0.083,0.167,0,0,0,-0.42,-0.174,Mil Braves,,,,,,,
1957,Bill Skowron,2,4,0,0,0,0,0,0,0,0,0,0,0,0,0,0,0,-0.08,-0.061,Mil Braves,,,,,,,
1957,Enos Slaughter,5,12,2,3,1,0,0,0,3,2,0.25,0.4,0.333,0.733,0,1,0,-0.03,-0.056,Mil Braves,,,,,,,
1957,Tom Sturdivant,2,1,0,0,0,0,0,0,0,0,0,0,0,0,0,0,0,-0.01,-0.004,Mil Braves,,,,,,,
1957,Bob Turley,3,4,0,0,0,0,0,0,0,2,0,0,0,0,0,0,0,-0.1,-0.048,Mil Braves,,,,,,,
1958,Hank Bauer,7,31,6,10,0,0,4,8,0,5,0.323,0.323,0.71,1.032,0,0,0,0.36,0.019,Mil Braves,,,,,,,
1958,Yogi Berra,7,27,3,6,3,0,0,2,1,0,0.222,0.241,0.333,0.575,0,0,0,-0.24,-0.065,Mil Braves,,,,,,,
1958,Andy Carey,5,12,1,1,0,0,0,0,0,3,0.083,0.083,0.083,0.167,0,0,0,-0.29,-0.097,Mil Braves,,,,,,,
1958,Murry Dickson,2,0,0,0,0,0,0,0,0,0,,,,,0,0,0,0,0.000,Mil Braves,,,,,,,
1958,Art Ditmar,1,1,0,0,0,0,0,0,0,0,0,0,0,0,0,0,1,-0.03,-0.013,Mil Braves,,,,,,,
1958,Ryne Duren,3,3,0,0,0,0,0,0,0,2,0,0,0,0,0,0,0,-0.12,-0.046,Mil Braves,,,,,,,
1958,Whitey Ford,3,4,1,0,0,0,0,0,2,2,0,0.333,0,0.333,0,0,0,-0.02,-0.010,Mil Braves,,,,,,,
1958,Elston Howard,6,18,4,4,0,0,0,2,1,4,0.222,0.263,0.222,0.485,1,0,0,0.2,0.380,Mil Braves,,,,,,,
1958,Tony Kubek,7,21,0,1,0,0,0,1,1,7,0.048,0.087,0.048,0.135,0,0,2,-0.37,-0.139,Mil Braves,,,,,,,
1958,Johnny Kucks,2,1,0,1,0,0,0,0,0,0,1,1,1,2,0,0,0,0.01,0.003,Mil Braves,,,,,,,
1958,Don Larsen,2,2,0,0,0,0,0,0,1,0,0,0.333,0,0.333,0,0,0,0.01,-0.016,Mil Braves,,,,,,,
1958,Jerry Lumpe,6,12,0,2,0,0,0,0,1,2,0.167,0.231,0.167,0.397,0,1,0,-0.16,-0.064,Mil Braves,,,,,,,
1958,Duke Maas,1,0,0,0,0,0,0,0,0,0,,,,,0,0,0,0,0.000,Mil Braves,,,,,,,
1958,Mickey Mantle,7,24,4,6,0,1,2,3,7,4,0.25,0.419,0.583,1.003,0,0,0,0.07,-0.052,Mil Braves,,,,,,,
1958,Gil McDougald,7,28,5,9,2,0,2,4,2,4,0.321,0.367,0.607,0.974,0,0,0,0.45,0.165,Mil Braves,,,,,,,
1958,Zach Monroe,1,0,0,0,0,0,0,0,0,0,,,,,0,0,0,0,0.000,Mil Braves,,,,,,,
1958,Bobby Richardson,4,5,0,0,0,0,0,0,0,0,0,0,0,0,0,0,0,-0.04,-0.013,Mil Braves,,,,,,,
1958,Norm Siebern,3,8,1,1,0,0,0,0,3,2,0.125,0.364,0.125,0.489,0,0,0,-0.02,-0.011,Mil Braves,,,,,,,
1958,Bill Skowron,7,27,3,7,0,0,2,7,1,4,0.259,0.286,0.481,0.767,0,0,0,0.23,0.276,Mil Braves,,,,,,,
1958,Enos Slaughter,4,3,1,0,0,0,0,0,1,1,0,0.25,0,0.25,0,0,,-0.06,-0.028,Mil Braves,,,,,,,
1958,Marv Throneberry,1,1,0,0,0,0,0,0,0,1,0,0,0,0,0,0,,0,0.000,Mil Braves,,,,,,,
1958,Bob Turley,4,5,0,1,0,0,0,2,0,1,0.2,0.2,0.2,0.4,0,0,0,-0.09,-0.075,Mil Braves,,,,,,,
1960,Luis Arroyo,1,1,0,0,0,0,0,0,0,0,0,0,0,0,0,0,0,-0.01,-0.006,Pirates,,,,,,,
1960,Yogi Berra,7,22,6,7,0,0,1,8,2,0,0.318,0.375,0.455,0.83,0,0,0,0.12,0.288,Pirates,,,,,,,
1960,Johnny Blanchard,5,11,2,5,2,0,0,2,0,0,0.455,0.455,0.636,1.091,0,0,0,0.14,0.117,Pirates,,,,,,,
1960,Clete Boyer,4,12,1,3,2,1,0,1,0,1,0.25,0.25,0.583,0.833,0,0,0,-0.07,-0.020,Pirates,,,,,,,
1960,Bob Cerv,4,14,1,5,0,0,0,0,0,3,0.357,0.357,0.357,0.714,0,0,1,-0.11,-0.058,Pirates,,,,,,,
1960,Jim Coates,3,1,0,0,0,0,0,0,0,1,0,0,0,0,0,0,0,-0.02,-0.007,Pirates,,,,,,,
1960,Joe DeMaestri,4,2,1,1,0,0,0,0,0,1,0.5,0.5,0.5,1,0,0,0,0,0.000,Pirates,,,,,,,
1960,Art Ditmar,2,0,0,0,0,0,0,0,0,0,,,,,0,0,0,0,0.000,Pirates,,,,,,,
1960,Ryne Duren,2,0,0,0,0,0,0,0,0,0,,,,,0,0,0,0,0.000,Pirates,,,,,,,
1960,Whitey Ford,2,8,1,2,0,0,0,2,0,2,0.25,0.25,0.25,0.5,0,0,0,0.09,0.043,Pirates,,,,,,,
1960,Eli Grba,1,0,0,0,0,0,0,0,0,0,,,,,0,0,,0,0.000,Pirates,,,,,,,
1960,Elston Howard,5,13,4,6,1,1,1,4,1,4,0.462,0.533,0.923,1.456,0,0,0,0.23,0.100,Pirates,,,,,,,
1960,Tony Kubek,7,30,6,10,1,0,0,3,2,2,0.333,0.394,0.367,0.761,0,1,3,0.19,0.073,Pirates,,,,,,,
1960,Dale Long,3,3,0,1,0,0,0,0,0,0,0.333,0.333,0.333,0.667,0,0,,0.02,0.076,Pirates,,,,,,,
1960,Hector Lopez,3,7,0,3,0,0,0,0,0,0,0.429,0.429,0.429,0.857,0,0,0,-0.09,-0.006,Pirates,,,,,,,
1960,Duke Maas,1,0,0,0,0,0,0,0,0,0,,,,,0,0,0,0,0.000,Pirates,,,,,,,
1960,Mickey Mantle,7,25,8,10,1,0,3,11,8,9,0.4,0.545,0.8,1.345,0,1,0,0.52,0.367,Pirates,,,,,,,
1960,Roger Maris,7,30,6,8,1,0,2,2,2,4,0.267,0.313,0.5,0.813,0,0,1,-0.2,-0.199,Pirates,,,,,,,
1960,Gil McDougald,6,18,4,5,1,0,0,2,2,3,0.278,0.35,0.333,0.683,0,0,1,0,-0.018,Pirates,,,,,,,
1960,Bobby Richardson,7,30,8,11,2,2,1,12,1,1,0.367,0.387,0.667,1.054,0,0,2,-0.09,-0.034,Pirates,,,,,,,
1960,Bobby Shantz,3,3,0,1,0,0,0,0,0,0,0.333,0.333,0.333,0.667,0,0,0,0,0.003,Pirates,,,,,,,
1960,Bill Skowron,7,32,7,12,2,0,2,6,0,6,0.375,0.364,0.625,0.989,0,0,0,0.22,0.052,Pirates,,,,,,,
1960,Bill Stafford,2,1,0,0,0,0,0,0,0,1,0,0,0,0,0,0,0,-0.03,-0.015,Pirates,,,,,,,
1960,Ralph Terry,2,2,0,0,0,0,0,0,0,1,0,0,0,0,0,0,0,-0.08,-0.032,Pirates,,,,,,,
1960,Bob Turley,2,4,0,1,0,0,0,1,0,1,0.25,0.25,0.25,0.5,0,0,0,0.06,0.019,Pirates,,,,,,,
1961,Luis Arroyo,2,0,0,0,0,0,0,0,0,0,,,,,0,0,1,0,0.000,Reds,,,,,,,
1961,Yogi Berra,4,11,2,3,0,0,1,3,5,1,0.273,0.5,0.545,1.045,0,0,1,0.32,0.113,Reds,,,,,,,
1961,Johnny Blanchard,4,10,4,4,1,0,2,3,2,0,0.4,0.5,1.1,1.6,0,0,0,0.37,0.103,Reds,,,,,,,
1961,Clete Boyer,5,15,0,4,2,0,0,3,4,0,0.267,0.421,0.4,0.821,0,0,1,-0.07,-0.030,Reds,,,,,,,
1961,Jim Coates,1,1,0,0,0,0,0,0,0,1,0,0,0,0,0,0,0,0,0.000,Reds,,,,,,,
1961,Bud Daley,2,1,0,0,0,0,0,1,0,0,0,0,0,0,0,0,1,0,0.000,Reds,,,,,,,
1961,Whitey Ford,2,5,1,0,0,0,0,0,1,0,0,0.167,0,0.167,0,0,0,-0.12,-0.040,Reds,,,,,,,
1961,Billy Gardner,1,1,0,0,0,0,0,0,0,0,0,0,0,0,0,0,,-0.01,-0.002,Reds,,,,,,,
1961,Elston Howard,5,20,5,5,3,0,1,1,2,3,0.25,0.318,0.55,0.868,0,0,0,-0.07,-0.033,Reds,,,,,,,
1961,Tony Kubek,5,22,3,5,0,0,0,1,1,4,0.227,0.261,0.227,0.488,0,0,0,-0.09,-0.021,Reds,,,,,,,
1961,Hector Lopez,4,9,3,3,0,1,1,7,2,3,0.333,0.455,0.889,1.343,0,0,0,0.12,0.028,Reds,,,,,,,
1961,Mickey Mantle,2,6,0,1,0,0,0,0,0,2,0.167,0.167,0.167,0.333,0,0,0,-0.04,-0.009,Reds,,,,,,,
1961,Roger Maris,5,19,4,2,1,0,1,2,4,6,0.105,0.261,0.316,0.577,0,0,0,0.05,0.045,Reds,,,,,,,
1961,Jack Reed,3,0,0,0,0,0,0,0,0,0,,,,,0,0,0,0,0.000,Reds,,,,,,,
1961,Bobby Richardson,5,23,2,9,1,0,0,0,0,0,0.391,0.391,0.435,0.826,1,1,0,0.17,0.054,Reds,,,,,,,
1961,Bill Skowron,5,17,3,6,0,0,1,5,3,4,0.353,0.45,0.529,0.979,0,0,0,0.1,0.022,Reds,,,,,,,
1961,Bill Stafford,1,2,0,0,0,0,0,0,0,0,0,0,0,0,0,0,1,-0.04,-0.015,Reds,,,,,,,
1961,Ralph Terry,2,3,0,0,0,0,0,0,0,1,0,0,0,0,0,0,0,-0.09,-0.029,Reds,,,,,,,
1962,Yogi Berra,2,2,0,0,0,0,0,0,2,0,0,0.5,0,0.5,0,0,0,-0.05,-0.011,SF Giants,,,,,,,
1962,Johnny Blanchard,1,1,0,0,0,0,0,0,0,1,0,0,0,0,0,0,,-0.02,-0.007,SF Giants,,,,,,,
1962,Clete Boyer,7,22,2,7,1,0,1,4,1,3,0.318,0.333,0.5,0.833,0,0,2,0.41,0.226,SF Giants,,,,,,,
1962,Marshall Bridges,2,0,0,0,0,0,0,0,0,0,,,,,0,0,0,0,0.000,SF Giants,,,,,,,
1962,Jim Coates,2,0,0,0,0,0,0,0,0,0,,,,,0,0,0,0,0.000,SF Giants,,,,,,,
1962,Bud Daley,1,0,0,0,0,0,0,0,0,0,,,,,0,0,0,0,0.000,SF Giants,,,,,,,
1962,Whitey Ford,3,7,0,0,0,0,0,0,1,3,0,0.125,0,0.125,0,0,1,-0.21,-0.088,SF Giants,,,,,,,
1962,Elston Howard,6,21,1,3,1,0,0,1,1,4,0.143,0.217,0.19,0.408,0,0,0,-0.32,-0.282,SF Giants,,,,,,,
1962,Tony Kubek,7,29,2,8,1,0,0,1,1,3,0.276,0.3,0.31,0.61,0,1,1,-0.35,-0.216,SF Giants,,,,,,,
1962,Dale Long,2,5,0,1,0,0,0,1,0,1,0.2,0.2,0.2,0.4,0,0,0,0.04,0.018,SF Giants,,,,,,,
1962,Hector Lopez,2,2,0,0,0,0,0,0,0,0,0,0,0,0,0,0,,-0.02,-0.010,SF Giants,,,,,,,
1962,Mickey Mantle,7,25,2,3,1,0,0,0,4,5,0.12,0.241,0.16,0.401,2,0,0,-0.04,-0.020,SF Giants,,,,,,,
1962,Roger Maris,7,23,4,4,1,0,1,5,5,2,0.174,0.321,0.348,0.669,0,0,0,0.01,-0.067,SF Giants,,,,,,,
1962,Bobby Richardson,7,27,3,4,0,0,0,0,3,1,0.148,0.233,0.148,0.381,0,0,1,-0.2,-0.016,SF Giants,,,,,,,
1962,Bill Skowron,6,18,1,4,0,1,0,1,1,5,0.222,0.3,0.333,0.633,0,0,0,-0.19,-0.062,SF Giants,,,,,,,
1962,Bill Stafford,1,3,0,0,0,0,0,0,0,1,0,0,0,0,0,0,0,-0.06,-0.019,SF Giants,,,,,,,
1962,Ralph Terry,3,8,0,1,0,0,0,0,1,6,0.125,0.222,0.125,0.347,0,0,0,-0.11,-0.018,SF Giants,,,,,,,
1962,Tom Tresh,7,28,5,9,1,0,1,4,1,4,0.321,0.345,0.464,0.809,2,0,0,0.23,0.093,SF Giants,,,,,,,
1963,Yogi Berra,1,1,0,0,0,0,0,0,0,0,0,0,0,0,0,0,,-0.03,-0.008,LA Dodgers,,,,,,,
1963,Johnny Blanchard,1,3,0,0,0,0,0,0,0,0,0,0,0,0,0,0,0,-0.08,-0.018,LA Dodgers,,,,,,,
1963,Jim Bouton,1,2,0,0,0,0,0,0,0,2,0,0,0,0,0,0,0,-0.1,-0.022,LA Dodgers,,,,,,,
1963,Clete Boyer,4,13,0,1,0,0,0,0,1,6,0.077,0.143,0.077,0.22,0,0,0,-0.27,-0.063,LA Dodgers,,,,,,,
1963,Harry Bright,2,2,0,0,0,0,0,0,0,2,0,0,0,0,0,0,,-0.02,-0.007,LA Dodgers,,,,,,,
1963,Al Downing,1,1,0,0,0,0,0,0,0,1,0,0,0,0,0,0,0,-0.05,-0.015,LA Dodgers,,,,,,,
1963,Whitey Ford,2,3,0,0,0,0,0,0,0,0,0,0,0,0,0,0,0,-0.05,-0.007,LA Dodgers,,,,,,,
1963,Steve Hamilton,1,0,0,0,0,0,0,0,0,0,,,,,0,0,0,0,0.000,LA Dodgers,,,,,,,
1963,Elston Howard,4,15,0,5,0,0,0,1,0,3,0.333,0.333,0.333,0.667,0,0,0,0,-0.018,LA Dodgers,,,,,,,
1963,Tony Kubek,4,16,1,3,0,0,0,0,0,3,0.188,0.188,0.188,0.375,0,0,0,-0.25,-0.050,LA Dodgers,,,,,,,
1963,Phil Linz,3,3,0,1,0,0,0,0,0,1,0.333,0.333,0.333,0.667,0,0,,0.04,0.001,LA Dodgers,,,,,,,
1963,Hector Lopez,3,8,1,2,2,0,0,0,0,1,0.25,0.25,0.5,0.75,0,0,0,-0.21,-0.023,LA Dodgers,,,,,,,
1963,Mickey Mantle,4,15,1,2,0,0,1,1,1,5,0.133,0.188,0.333,0.521,0,0,0,-0.12,-0.051,LA Dodgers,,,,,,,
1963,Roger Maris,2,5,0,0,0,0,0,0,0,1,0,0,0,0,0,0,0,-0.08,-0.026,LA Dodgers,,,,,,,
1963,Joe Pepitone,4,13,0,2,0,0,0,0,1,3,0.154,0.267,0.154,0.421,0,0,1,-0.14,-0.026,LA Dodgers,,,,,,,
1963,Hal Reniff,3,0,0,0,0,0,0,0,0,0,,,,,0,0,0,0,0.000,LA Dodgers,,,,,,,
1963,Bobby Richardson,4,14,0,3,1,0,0,0,1,3,0.214,0.267,0.286,0.552,0,0,0,-0.03,-0.026,LA Dodgers,,,,,,,
1963,Ralph Terry,1,0,0,0,0,0,0,0,0,0,,,,,0,0,0,0,0.000,LA Dodgers,,,,,,,
1963,Tom Tresh,4,15,1,3,0,0,1,2,1,6,0.2,0.25,0.4,0.65,0,0,0,-0.28,-0.039,LA Dodgers,,,,,,,
1963,Stan Williams,1,0,0,0,0,0,0,0,0,0,,,,,0,0,0,0,0.000,LA Dodgers,,,,,,,
1964,Johnny Blanchard,4,4,0,1,1,0,0,0,0,1,0.25,0.25,0.5,0.75,0,0,,-0.03,-0.031,Cardinals,,,,,,,
1964,Jim Bouton,2,7,0,1,0,0,0,1,0,2,0.143,0.143,0.143,0.286,0,0,0,-0.03,-0.007,Cardinals,,,,,,,
1964,Clete Boyer,7,24,2,5,1,0,1,3,1,5,0.208,0.231,0.375,0.606,1,0,2,-0.28,-0.119,Cardinals,,,,,,,
1964,Al Downing,3,2,0,0,0,0,0,0,0,2,0,0,0,0,0,0,0,-0.03,-0.009,Cardinals,,,,,,,
1964,Whitey Ford,1,1,0,1,0,0,0,1,2,0,1,1,1,2,0,0,0,0.11,0.038,Cardinals,,,,,,,
1964,Pedro Gonzalez,1,1,0,0,0,0,0,0,0,0,0,0,0,0,0,0,0,-0.03,-0.015,Cardinals,,,,,,,
1964,Steve Hamilton,2,0,0,0,0,0,0,0,0,0,,,,,0,0,0,0,0.000,Cardinals,,,,,,,
1964,Mike Hegan,3,1,1,0,0,0,0,0,1,1,0,0.5,0,0.5,0,0,,0.02,0.026,Cardinals,,,,,,,
1964,Elston Howard,7,24,5,7,1,0,0,2,4,6,0.292,0.414,0.333,0.747,0,0,1,-0.16,-0.090,Cardinals,,,,,,,
1964,Phil Linz,7,31,5,7,1,0,2,2,2,5,0.226,0.273,0.452,0.724,0,1,2,-0.25,-0.144,Cardinals,,,,,,,
1964,Hector Lopez,3,2,0,0,0,0,0,0,0,2,0,0,0,0,0,0,0,-0.06,-0.041,Cardinals,,,,,,,
1964,Mickey Mantle,7,24,8,8,2,0,3,8,6,8,0.333,0.467,0.792,1.258,0,0,2,0.51,0.220,Cardinals,,,,,,,
1964,Roger Maris,7,30,4,6,0,0,1,1,1,4,0.2,0.226,0.3,0.526,0,0,0,-0.22,-0.096,Cardinals,,,,,,,
1964,Pete Mikkelsen,4,0,0,0,0,0,0,0,0,0,,,,,0,0,0,0,0.000,Cardinals,,,,,,,
1964,Joe Pepitone,7,26,1,4,1,0,1,5,2,3,0.154,0.241,0.308,0.549,0,0,0,-0.25,-0.125,Cardinals,,,,,,,
1964,Hal Reniff,1,0,0,0,0,0,0,0,0,0,,,,,0,0,0,0,0.000,Cardinals,,,,,,,
1964,Bobby Richardson,7,32,3,13,2,0,0,3,0,2,0.406,0.406,0.469,0.875,1,0,2,-0.01,-0.055,Cardinals,,,,,,,
1964,Rollie Sheldon,2,0,0,0,0,0,0,0,0,0,,,,,0,0,0,0,0.000,Cardinals,,,,,,,
1964,Mel Stottlemyre,3,8,0,1,0,0,0,0,0,6,0.125,0.125,0.125,0.25,0,0,0,-0.25,-0.137,Cardinals,,,,,,,
1964,Ralph Terry,1,0,0,0,0,0,0,0,0,0,,,,,0,0,0,0,0.000,Cardinals,,,,,,,
1964,Tom Tresh,7,22,4,6,2,0,2,7,6,7,0.273,0.414,0.636,1.05,0,0,0,0.69,0.339,Cardinals,,,,,,,
1976,Doyle Alexander,1,0,0,0,0,0,0,0,0,0,,,,,0,0,0,0,0.000,Reds,,,,,,,
1976,Chris Chambliss,4,16,1,5,1,0,0,1,0,2,0.313,0.353,0.375,0.728,0,0,1,0.09,0.017,Reds,,,,,,,
1976,Dock Ellis,1,0,0,0,0,0,0,0,0,0,,,,,0,0,0,0,0.000,Reds,,,,,,,
1976,Ed Figueroa,1,0,0,0,0,0,0,0,0,0,,,,,0,0,0,0,0.000,Reds,,,,,,,
1976,Oscar Gamble,3,8,0,1,0,0,0,1,0,0,0.125,0.125,0.125,0.25,0,0,0,-0.03,0.003,Reds,,,,,,,
1976,Elrod Hendricks,2,2,0,0,0,0,0,0,0,0,0,0,0,0,0,0,,-0.08,-0.017,Reds,,,,,,,
1976,Catfish Hunter,1,0,0,0,0,0,0,0,0,0,,,,,0,0,0,0,0.000,Reds,,,,,,,
1976,Grant Jackson,1,0,0,0,0,0,0,0,0,0,,,,,0,0,0,0,0.000,Reds,,,,,,,
1976,Sparky Lyle,2,0,0,0,0,0,0,0,0,0,,,,,0,0,0,0,0.000,Reds,,,,,,,
1976,Elliott Maddox,2,5,0,1,0,1,0,0,1,2,0.2,0.333,0.6,0.933,0,0,0,-0.19,-0.056,Reds,,,,,,,
1976,Jim Mason,3,1,1,1,0,0,1,1,0,0,1,1,4,5,0,0,0,0.08,0.020,Reds,,,,,,,
1976,Carlos May,4,9,0,0,0,0,0,0,0,1,0,0,0,0,0,0,,-0.24,-0.046,Reds,,,,,,,
1976,Thurman Munson,4,17,2,9,0,0,0,2,0,1,0.529,0.529,0.529,1.059,0,0,0,0.1,0.001,Reds,,,,,,,
1976,Graig Nettles,4,12,0,3,0,0,0,2,3,1,0.25,0.375,0.25,0.625,0,0,0,-0.09,-0.033,Reds,,,,,,,
1976,Lou Piniella,4,9,1,3,1,0,0,0,0,0,0.333,0.333,0.444,0.778,0,0,0,-0.09,-0.013,Reds,,,,,,,
1976,Willie Randolph,4,14,1,1,0,0,0,0,1,3,0.071,0.133,0.071,0.205,0,0,0,-0.39,-0.086,Reds,,,,,,,
1976,Mickey Rivers,4,18,1,3,0,0,0,0,1,2,0.167,0.211,0.167,0.377,1,1,0,-0.3,-0.083,Reds,,,,,,,
1976,Fred Stanley,4,6,1,1,1,0,0,1,3,1,0.167,0.444,0.333,0.778,0,0,1,0.17,0.049,Reds,,,,,,,
1976,Dick Tidrow,2,0,0,0,0,0,0,0,0,0,,,,,0,0,0,0,0.000,Reds,,,,,,,
1976,Otto Velez,3,3,0,0,0,0,0,0,0,3,0,0,0,0,0,0,,-0.08,-0.021,Reds,,,,,,,
1976,Roy White,4,15,0,2,0,0,0,0,3,0,0.133,0.278,0.133,0.411,0,0,0,-0.05,0.008,Reds,,,,,,,
1977,Paul Blair,4,4,0,1,0,0,0,1,0,0,0.25,0.25,0.25,0.5,0,0,0,0.1,0.026,LA Dodgers,,,,,,,
1977,Chris Chambliss,6,24,4,7,2,0,1,4,0,2,0.292,0.292,0.5,0.792,0,0,0,0.25,0.131,LA Dodgers,,,,,,,
1977,Ken Clay,2,0,0,0,0,0,0,0,0,0,,,,,0,0,0,0,0.000,LA Dodgers,,,,,,,
1977,Bucky Dent,6,19,0,5,0,0,0,2,2,1,0.263,0.333,0.263,0.596,0,0,1,-0.02,0.008,LA Dodgers,,,,,,,
1977,Ron Guidry,1,2,0,0,0,0,0,0,0,1,0,0,0,0,0,0,0,-0.04,-0.015,LA Dodgers,,,,,,,
1977,Don Gullett,2,2,0,0,0,0,0,0,0,2,0,0,0,0,0,0,0,-0.08,-0.025,LA Dodgers,,,,,,,
1977,Catfish Hunter,2,0,0,0,0,0,0,0,0,0,,,,,0,0,0,0,0.000,LA Dodgers,,,,,,,
1977,Reggie Jackson,6,20,10,9,1,0,5,8,3,4,0.45,0.542,1.25,1.792,0,0,0,0.57,0.248,LA Dodgers,,,,,,,
1977,Cliff Johnson,2,1,0,0,0,0,0,0,0,0,0,0,0,0,0,0,0,-0.01,-0.005,LA Dodgers,,,,,,,
1977,Sparky Lyle,2,2,0,0,0,0,0,0,0,2,0,0,0,0,0,0,0,-0.13,-0.037,LA Dodgers,,,,,,,
1977,Thurman Munson,6,25,4,8,2,0,1,3,2,8,0.32,0.37,0.52,0.89,0,0,0,0.26,0.079,LA Dodgers,,,,,,,
1977,Graig Nettles,6,21,1,4,1,0,0,2,2,3,0.19,0.261,0.238,0.499,0,0,1,-0.2,-0.066,LA Dodgers,,,,,,,
1977,Lou Piniella,6,22,1,6,0,0,0,3,0,3,0.273,0.292,0.273,0.564,0,0,1,0.02,0.020,LA Dodgers,,,,,,,
1977,Willie Randolph,6,25,5,4,2,0,1,1,2,2,0.16,0.222,0.36,0.582,0,0,0,0.09,0.009,LA Dodgers,,,,,,,
1977,Mickey Rivers,6,27,1,6,2,0,0,1,0,2,0.222,0.222,0.296,0.519,1,0,0,-0.33,-0.096,LA Dodgers,,,,,,,
1977,Fred Stanley,1,0,0,0,0,0,0,0,0,0,,,,,0,0,0,0,0.000,LA Dodgers,,,,,,,
1977,Dick Tidrow,2,1,0,0,0,0,0,0,0,1,0,0,0,0,0,0,0,-0.02,-0.006,LA Dodgers,,,,,,,
1977,Mike Torrez,2,6,0,0,0,0,0,0,0,4,0,0,0,0,0,0,0,-0.12,-0.051,LA Dodgers,,,,,,,
1977,Roy White,2,2,0,0,0,0,0,0,0,0,0,0,0,0,0,0,,-0.02,-0.006,LA Dodgers,,,,,,,
1977,George Zeber,2,2,0,0,0,0,0,0,0,2,0,0,0,0,0,0,,-0.04,-0.015,LA Dodgers,,,,,,,
1978,Jim Beattie,1,0,0,0,0,0,0,0,0,0,,,,,0,0,0,0,0.000,LA Dodgers,,,,,,,
1978,Paul Blair,6,8,2,3,1,0,0,0,1,4,0.375,0.444,0.5,0.944,0,0,0,0.31,0.097,LA Dodgers,,,,,,,
1978,Chris Chambliss,3,11,1,2,0,0,0,0,1,1,0.182,0.25,0.182,0.432,0,0,0,-0.1,-0.042,LA Dodgers,,,,,,,
1978,Ken Clay,1,0,0,0,0,0,0,0,0,0,,,,,0,0,0,0,0.000,LA Dodgers,,,,,,,
1978,Bucky Dent,6,24,3,10,1,0,0,7,1,2,0.417,0.44,0.458,0.898,0,0,2,0.36,0.184,LA Dodgers,,,,,,,
1978,Brian Doyle,6,16,4,7,1,0,0,2,0,0,0.438,0.438,0.5,0.938,0,0,0,0.22,0.149,LA Dodgers,,,,,,,
1978,Ed Figueroa,2,0,0,0,0,0,0,0,0,0,,,,,0,0,0,0,0.000,LA Dodgers,,,,,,,
1978,Rich Gossage,3,0,0,0,0,0,0,0,0,0,,,,,0,0,0,0,0.000,LA Dodgers,,,,,,,
1978,Ron Guidry,1,0,0,0,0,0,0,0,0,0,,,,,0,0,0,0,0.000,LA Dodgers,,,,,,,
1978,Mike Heath,1,0,0,0,0,0,0,0,0,0,,,,,0,0,0,0,0.000,LA Dodgers,,,,,,,
1978,Catfish Hunter,2,0,0,0,0,0,0,0,0,0,,,,,0,0,0,0,0.000,LA Dodgers,,,,,,,
1978,Reggie Jackson,6,23,2,9,1,0,2,8,3,7,0.391,0.5,0.696,1.196,0,0,,0.2,0.084,LA Dodgers,,,,,,,
1978,Cliff Johnson,2,2,0,0,0,0,0,0,0,1,0,0,0,0,0,0,,-0.13,-0.038,LA Dodgers,,,,,,,
1978,Jay Johnstone,2,0,0,0,0,0,0,0,0,0,,,,,0,0,0,0,0.000,LA Dodgers,,,,,,,
1978,Paul Lindblad,1,0,0,0,0,0,0,0,0,0,,,,,0,0,0,0,0.000,LA Dodgers,,,,,,,
1978,Thurman Munson,6,25,5,8,3,0,0,7,3,7,0.32,0.393,0.44,0.833,1,0,0,0.17,0.091,LA Dodgers,,,,,,,
1978,Graig Nettles,6,25,2,4,0,0,0,1,0,6,0.16,0.16,0.16,0.32,0,0,0,-0.48,-0.174,LA Dodgers,,,,,,,
1978,Lou Piniella,6,25,3,7,0,0,0,4,0,0,0.28,0.28,0.28,0.56,1,0,0,0.23,0.060,LA Dodgers,,,,,,,
1978,Mickey Rivers,5,18,2,6,0,0,0,1,0,2,0.333,0.333,0.333,0.667,1,1,0,-0.01,0.014,LA Dodgers,,,,,,,
1978,Jim Spencer,4,12,3,2,0,0,0,0,2,4,0.167,0.286,0.167,0.452,0,0,0,-0.19,-0.070,LA Dodgers,,,,,,,
1978,Fred Stanley,3,5,0,1,1,0,0,0,1,0,0.2,0.333,0.4,0.733,0,0,0,-0.02,-0.013,LA Dodgers,,,,,,,
1978,Gary Thomasson,3,4,0,1,0,0,0,0,0,1,0.25,0.25,0.25,0.5,0,1,0,-0.06,-0.019,LA Dodgers,,,,,,,
1978,Dick Tidrow,2,0,0,0,0,0,0,0,0,0,,,,,0,0,0,0,0.000,LA Dodgers,,,,,,,
1978,Roy White,6,24,9,8,0,0,1,4,4,5,0.333,0.429,0.458,0.887,2,0,0,0.29,0.112,LA Dodgers,,,,,,,
1981,Bobby Brown,4,1,1,0,0,0,0,0,0,1,0,0,0,0,0,0,0,0,0.000,LA Dodgers,,,,,,,
1981,Rick Cerone,6,21,2,4,1,0,1,3,4,2,0.19,0.32,0.381,0.701,0,0,0,0,-0.073,LA Dodgers,,,,,,,
1981,Ron Davis,4,0,0,0,0,0,0,0,0,0,,,,,0,0,0,0,0.000,LA Dodgers,,,,,,,
1981,Barry Foote,1,1,0,0,0,0,0,0,0,1,0,0,0,0,0,0,,-0.09,-0.028,LA Dodgers,,,,,,,
1981,George Frazier,3,2,0,0,0,0,0,0,0,1,0,0,0,0,0,0,0,-0.08,-0.022,LA Dodgers,,,,,,,
1981,Oscar Gamble,3,6,1,2,0,0,0,1,1,0,0.333,0.429,0.333,0.762,0,0,0,0.05,0.024,LA Dodgers,,,,,,,
1981,Rich Gossage,3,1,0,0,0,0,0,0,0,1,0,0,0,0,0,0,0,0,-0.001,LA Dodgers,,,,,,,
1981,Ron Guidry,2,5,0,0,0,0,0,0,0,3,0,0,0,0,0,0,0,-0.12,-0.061,LA Dodgers,,,,,,,
1981,Reggie Jackson,3,12,3,4,1,0,1,1,2,3,0.333,0.429,0.667,1.095,0,0,1,0.02,-0.015,LA Dodgers,,,,,,,
1981,Tommy John,3,2,0,0,0,0,0,0,0,0,0,0,0,0,0,0,0,-0.06,-0.020,LA Dodgers,,,,,,,
1981,Dave LaRoche,1,0,0,0,0,0,0,0,0,0,,,,,0,0,0,0,0.000,LA Dodgers,,,,,,,
1981,Rudy May,3,1,0,0,0,0,0,0,0,0,0,0,0,0,0,0,0,-0.01,-0.003,LA Dodgers,,,,,,,
1981,Larry Milbourne,6,20,2,5,2,0,0,3,4,0,0.25,0.375,0.35,0.725,0,0,2,0.12,0.017,LA Dodgers,,,,,,,
1981,Jerry Mumphrey,5,15,2,3,0,0,0,0,3,2,0.2,0.333,0.2,0.533,1,0,0,-0.27,-0.097,LA Dodgers,,,,,,,
1981,Bobby Murcer,4,3,0,0,0,0,0,0,0,0,0,0,0,0,0,0,,-0.24,-0.062,LA Dodgers,,,,,,,
1981,Graig Nettles,3,10,1,4,1,0,0,0,1,1,0.4,0.455,0.5,0.955,0,0,1,0.03,0.017,LA Dodgers,,,,,,,
1981,Lou Piniella,6,16,2,7,1,0,0,3,0,1,0.438,0.438,0.5,0.938,1,0,0,0.18,0.115,LA Dodgers,,,,,,,
1981,Willie Randolph,6,18,5,4,1,1,2,3,9,0,0.222,0.464,0.722,1.187,1,1,0,0.21,0.120,LA Dodgers,,,,,,,
1981,Rick Reuschel,2,2,0,0,0,0,0,0,0,1,0,0,0,0,0,0,0,-0.04,-0.014,LA Dodgers,,,,,,,
1981,Dave Righetti,1,1,0,0,0,0,0,0,0,1,0,0,0,0,0,0,0,-0.06,-0.015,LA Dodgers,,,,,,,
1981,Andre Robertson,1,0,0,0,0,0,0,0,0,0,,,,,0,0,,0,0.000,LA Dodgers,,,,,,,
1981,Aurelio Rodriguez,4,12,1,5,0,0,0,0,1,2,0.417,0.462,0.417,0.878,0,0,0,-0.1,-0.060,LA Dodgers,,,,,,,
1981,Bob Watson,6,22,2,7,1,0,2,7,3,0,0.318,0.385,0.636,1.021,0,0,0,0.35,0.099,LA Dodgers,,,,,,,
1981,Dave Winfield,6,22,0,1,0,0,0,1,5,4,0.045,0.222,0.045,0.268,1,0,0,-0.29,-0.109,LA Dodgers,,,,,,,
1996,Mike Aldrete,2,1,0,0,0,0,0,0,0,0,0,0,0,0,0,0,0,-0.04,-0.013,Braves,,,,,,,
1996,Brian Boehringer,2,0,0,0,0,0,0,0,0,0,,,,,0,0,0,0,0.000,Braves,,,,,,,
1996,Wade Boggs,4,11,0,3,1,0,0,2,1,0,0.273,0.333,0.364,0.697,0,0,0,0.11,0.057,Braves,,,,,,,
1996,David Cone,1,2,0,0,0,0,0,0,0,1,0,0,0,0,0,0,0,-0.08,-0.022,Braves,,,,,,,
1996,Mariano Duncan,6,19,1,1,0,0,0,0,0,4,0.053,0.053,0.053,0.105,1,0,2,-0.62,-0.244,Braves,,,,,,,
1996,Cecil Fielder,6,23,1,9,2,0,0,2,2,2,0.391,0.44,0.478,0.918,0,0,0,0.12,0.061,Braves,,,,,,,
1996,Andy Fox,4,0,1,0,0,0,0,0,0,0,,,,,0,0,0,0,0.000,Braves,,,,,,,
1996,Joe Girardi,4,10,1,2,0,1,0,1,1,2,0.2,0.273,0.4,0.673,0,0,0,-0.01,0.005,Braves,,,,,,,
1996,Charlie Hayes,5,16,2,3,0,0,0,1,1,5,0.188,0.235,0.188,0.423,0,0,0,0.15,0.067,Braves,,,,,,,
1996,Derek Jeter,6,20,5,5,0,0,0,1,4,6,0.25,0.4,0.25,0.65,1,0,2,-0.12,-0.063,Braves,,,,,,,
1996,Jimmy Key,2,0,0,0,0,0,0,0,0,0,,,,,0,0,0,0,0.000,Braves,,,,,,,
1996,Jim Leyritz,4,8,1,3,0,0,1,3,3,2,0.375,0.545,0.75,1.295,1,0,0,0.32,0.133,Braves,,,,,,,
1996,Graeme Lloyd,4,1,0,0,0,0,0,0,0,0,0,0,0,0,0,0,0,-0.05,-0.017,Braves,,,,,,,
1996,Tino Martinez,6,11,0,1,0,0,0,0,2,5,0.091,0.231,0.091,0.322,0,0,0,-0.16,-0.059,Braves,,,,,,,
1996,Jeff Nelson,3,0,0,0,0,0,0,0,0,0,,,,,0,0,0,0,0.000,Braves,,,,,,,
1996,Paul O'Neill,5,12,1,2,2,0,0,0,3,2,0.167,0.333,0.333,0.667,0,0,0,-0.07,-0.028,Braves,,,,,,,
1996,Andy Pettitte,2,4,0,0,0,0,0,0,0,1,0,0,0,0,0,0,0,-0.17,-0.087,Braves,,,,,,,
1996,Tim Raines,4,14,2,3,0,0,0,0,2,1,0.214,0.313,0.214,0.527,0,1,1,-0.12,-0.043,Braves,,,,,,,
1996,Mariano Rivera,4,1,0,0,0,0,0,0,0,0,0,0,0,0,0,0,0,-0.01,-0.002,Braves,,,,,,,
1996,Kenny Rogers,1,1,0,1,0,0,0,0,0,0,1,1,1,2,0,0,0,0.01,0.003,Braves,,,,,,,
1996,Luis Sojo,5,5,0,3,1,0,0,1,0,0,0.6,0.6,0.8,1.4,0,0,0,0.02,0.006,Braves,,,,,,,
1996,Darryl Strawberry,5,16,0,3,0,0,0,1,4,6,0.188,0.35,0.188,0.538,0,0,0,0.09,0.019,Braves,,,,,,,
1996,David Weathers,3,0,0,0,0,0,0,0,0,0,,,,,0,0,0,0,0.000,Braves,,,,,,,
1996,John Wetteland,5,0,0,0,0,0,0,0,0,0,,,,,0,0,0,0,0.000,Braves,,,,,,,
1996,Bernie Williams,6,24,3,4,0,0,1,4,3,6,0.167,0.259,0.292,0.551,1,0,0,0.05,-0.007,Braves,,,,,,,
1998,Scott Brosius,4,17,3,8,0,0,2,6,0,4,0.471,0.471,0.824,1.294,0,0,0,0.58,0.149,Padres,,,,,,,
1998,Homer Bush,2,0,0,0,0,0,0,0,0,0,,,,,0,0,,0,0.000,Padres,,,,,,,
1998,David Cone,1,2,0,1,0,0,0,0,0,0,0.5,0.5,0.5,1,0,0,0,0.04,0.011,Padres,,,,,,,
1998,Chili Davis,3,7,3,2,0,0,0,2,3,2,0.286,0.5,0.286,0.786,0,0,,0.17,0.046,Padres,,,,,,,
1998,Joe Girardi,2,6,0,0,0,0,0,0,0,2,0,0,0,0,0,0,0,-0.22,-0.032,Padres,,,,,,,
1998,Orlando Hernandez,1,0,0,0,0,0,0,0,0,0,,,,,0,0,0,0,0.000,Padres,,,,,,,
1998,Derek Jeter,4,17,4,6,0,0,0,1,3,3,0.353,0.45,0.353,0.803,0,0,0,-0.12,-0.040,Padres,,,,,,,
1998,Chuck Knoblauch,4,16,3,6,0,0,1,3,3,2,0.375,0.5,0.563,1.063,1,0,1,0.4,0.148,Padres,,,,,,,
1998,Ricky Ledee,4,10,1,6,3,0,0,4,2,1,0.6,0.615,0.9,1.515,0,1,0,0.38,0.093,Padres,,,,,,,
1998,Graeme Lloyd,1,0,0,0,0,0,0,0,0,0,,,,,0,0,0,0,0.000,Padres,,,,,,,
1998,Tino Martinez,4,13,4,5,0,0,1,4,4,2,0.385,0.529,0.615,1.145,0,0,0,0.35,0.096,Padres,,,,,,,
1998,Ramiro Mendoza,1,1,0,0,0,0,0,0,0,0,0,0,0,0,0,0,0,-0.01,-0.003,Padres,,,,,,,
1998,Jeff Nelson,3,0,0,0,0,0,0,0,0,0,,,,,0,0,0,0,0.000,Padres,,,,,,,
1998,Paul O'Neill,4,19,3,4,1,0,0,0,1,2,0.211,0.25,0.263,0.513,0,0,1,0.13,0.011,Padres,,,,,,,
1998,Andy Pettitte,1,2,0,0,0,0,0,0,0,2,0,0,0,0,0,0,0,-0.11,-0.012,Padres,,,,,,,
1998,Jorge Posada,3,9,2,3,0,0,1,2,2,2,0.333,0.455,0.667,1.121,0,0,0,-0.06,-0.012,Padres,,,,,,,
1998,Mariano Rivera,3,1,0,0,0,0,0,0,0,0,0,0,0,0,0,0,0,0,0.000,Padres,,,,,,,
1998,Shane Spencer,1,3,1,1,1,0,0,0,0,2,0.333,0.333,0.667,1,0,0,0,0.06,0.014,Padres,,,,,,,
1998,Mike Stanton,1,0,0,0,0,0,0,0,0,0,,,,,0,0,0,0,0.000,Padres,,,,,,,
1998,David Wells,1,0,0,0,0,0,0,0,0,0,,,,,0,0,0,0,0.000,Padres,,,,,,,
1998,Bernie Williams,4,16,2,1,0,0,1,3,2,5,0.063,0.167,0.25,0.417,0,0,0,-0.28,-0.067,Padres,,,,,,,
1999,Scott Brosius,4,16,2,6,1,0,0,1,0,5,0.375,0.375,0.438,0.813,0,0,0,0.04,0.026,Braves,,,,,,,
1999,Roger Clemens,1,0,0,0,0,0,0,0,0,0,,,,,0,0,0,0,0.000,Braves,,,,,,,
1999,David Cone,1,4,0,0,0,0,0,0,0,0,0,0,0,0,0,0,1,0.02,0.006,Braves,,,,,,,
1999,Chad Curtis,3,6,3,2,0,0,2,2,0,0,0.333,0.333,1.333,1.667,0,0,0,0.36,0.083,Braves,,,,,,,
1999,Chili Davis,1,4,0,0,0,0,0,0,0,2,0,0,0,0,0,0,,-0.13,-0.031,Braves,,,,,,,
1999,Joe Girardi,2,7,1,2,0,0,0,0,0,1,0.286,0.286,0.286,0.571,0,0,0,0.01,-0.001,Braves,,,,,,,
1999,Jason Grimsley,1,0,0,0,0,0,0,0,0,0,,,,,0,0,0,0,0.000,Braves,,,,,,,
1999,Orlando Hernandez,1,1,0,0,0,0,0,0,0,0,0,0,0,0,0,0,0,-0.05,-0.017,Braves,,,,,,,
1999,Derek Jeter,4,17,4,6,1,0,0,1,1,3,0.353,0.389,0.412,0.801,3,1,0,0.24,0.063,Braves,,,,,,,
1999,Chuck Knoblauch,4,16,5,5,1,0,1,3,1,3,0.313,0.353,0.563,0.915,1,0,0,0.5,0.139,Braves,,,,,,,
1999,Ricky Ledee,3,10,0,2,1,0,0,1,1,4,0.2,0.273,0.3,0.573,0,0,0,-0.1,-0.012,Braves,,,,,,,
1999,Jim Leyritz,2,1,1,1,0,0,1,2,1,0,1,1,4,5,0,0,,0.11,0.027,Braves,,,,,,,
1999,Tino Martinez,4,15,3,4,0,0,1,5,2,4,0.267,0.353,0.467,0.82,0,0,0,0.19,0.034,Braves,,,,,,,
1999,Ramiro Mendoza,1,1,0,0,0,0,0,0,0,0,0,0,0,0,0,0,0,0,0.000,Braves,,,,,,,
1999,Jeff Nelson,4,0,0,0,0,0,0,0,0,0,,,,,0,0,0,0,0.000,Braves,,,,,,,
1999,Paul O'Neill,4,15,0,3,0,0,0,4,2,2,0.2,0.294,0.2,0.494,0,0,0,-0.08,0.005,Braves,,,,,,,
1999,Andy Pettitte,1,0,0,0,0,0,0,0,0,0,,,,,0,0,0,0,0.000,Braves,,,,,,,
1999,Jorge Posada,2,8,0,2,1,0,0,1,0,3,0.25,0.25,0.375,0.625,0,0,0,-0.2,-0.066,Braves,,,,,,,
1999,Mariano Rivera,3,0,0,0,0,0,0,0,0,0,,,,,0,0,0,0,0.000,Braves,,,,,,,
1999,Luis Sojo,1,0,0,0,0,0,0,0,0,0,,,,,0,0,0,0,0.000,Braves,,,,,,,
1999,Mike Stanton,1,0,0,0,0,0,0,0,0,0,,,,,0,0,0,0,0.000,Braves,,,,,,,
1999,Darryl Strawberry,2,3,0,1,0,0,0,0,1,2,0.333,0.5,0.333,0.833,0,0,,0.12,0.036,Braves,,,,,,,
1999,Bernie Williams,4,13,2,3,0,0,0,0,4,2,0.231,0.412,0.231,0.643,1,0,0,-0.13,-0.031,Braves,,,,,,,
2000,Clay Bellinger,4,0,0,0,0,0,0,0,0,0,,,,,0,0,0,0.1,0.030,Mets,,,,,,,
2000,Scott Brosius,5,13,2,4,0,0,1,3,2,2,0.308,0.389,0.538,0.927,0,0,0,0,0.017,Mets,,,,,,,
2000,Jose Canseco,1,1,0,0,0,0,0,0,0,1,0,0,0,0,0,0,,-0.05,-0.019,Mets,,,,,,,
2000,Roger Clemens,1,0,0,0,0,0,0,0,0,0,,,,,0,0,1,0,0.000,Mets,,,,,,,
2000,David Cone,1,0,0,0,0,0,0,0,0,0,,,,,0,0,0,0,0.000,Mets,,,,,,,
2000,Orlando Hernandez,1,2,0,0,0,0,0,0,0,2,0,0,0,0,0,0,0,-0.13,-0.031,Mets,,,,,,,
2000,Glenallen Hill,3,3,0,0,0,0,0,0,0,0,0,0,0,0,0,0,0,-0.21,-0.058,Mets,,,,,,,
2000,Derek Jeter,5,22,6,9,2,1,2,2,3,8,0.409,0.48,0.864,1.344,0,0,0,0.24,0.081,Mets,,,,,,,
2000,David Justice,5,19,1,3,2,0,0,3,3,2,0.158,0.333,0.263,0.596,0,0,0,0.08,0.001,Mets,,,,,,,
2000,Chuck Knoblauch,4,10,1,1,0,0,0,1,2,1,0.1,0.231,0.1,0.331,0,1,,-0.17,-0.053,Mets,,,,,,,
2000,Tino Martinez,5,22,3,8,1,0,0,2,1,4,0.364,0.391,0.409,0.8,0,0,0,-0.09,-0.014,Mets,,,,,,,
2000,Denny Neagle,1,2,0,0,0,0,0,0,0,1,0,0,0,0,0,0,0,-0.06,-0.025,Mets,,,,,,,
2000,Jeff Nelson,3,0,0,0,0,0,0,0,0,0,,,,,0,0,0,0,0.000,Mets,,,,,,,
2000,Paul O'Neill,5,19,2,9,2,2,0,2,3,4,0.474,0.545,0.789,1.335,0,0,0,-0.13,-0.039,Mets,,,,,,,
2000,Andy Pettitte,2,3,0,0,0,0,0,0,0,1,0,0,0,0,0,0,1,-0.11,-0.022,Mets,,,,,,,
2000,Luis Polonia,2,2,0,1,0,0,0,0,0,0,0.5,0.5,0.5,1,0,0,,0.06,0.027,Mets,,,,,,,
2000,Jorge Posada,5,18,2,4,1,0,0,1,5,4,0.222,0.391,0.278,0.669,0,0,0,-0.18,-0.055,Mets,,,,,,,
2000,Mariano Rivera,4,1,0,0,0,0,0,0,0,0,0,0,0,0,0,0,0,-0.03,-0.010,Mets,,,,,,,
2000,Luis Sojo,4,7,0,2,0,0,0,2,1,0,0.286,0.375,0.286,0.661,1,0,0,0.23,0.041,Mets,,,,,,,
2000,Mike Stanton,4,0,0,0,0,0,0,0,0,0,,,,,0,0,0,0,0.000,Mets,,,,,,,
2000,Jose Vizcaino,4,17,0,4,0,0,0,1,0,5,0.235,0.235,0.235,0.471,0,1,0,0.32,0.110,Mets,,,,,,,
2000,Bernie Williams,5,18,2,2,0,0,1,1,5,5,0.111,0.304,0.278,0.582,0,0,0,-0.27,-0.088,Mets,,,,,,,
2001,Clay Bellinger,2,2,0,0,0,0,0,0,0,2,0,0,0,0,0,0,0,0.01,0.002,Diamondbacks,,,,,,,
2001,Scott Brosius,7,24,1,4,2,0,1,3,0,8,0.167,0.167,0.375,0.542,0,0,1,0.31,0.103,Diamondbacks,,,,,,,
2001,Randy Choate,2,1,0,0,0,0,0,0,0,1,0,0,0,0,0,0,0,0,0.000,Diamondbacks,,,,,,,
2001,Roger Clemens,2,2,0,0,0,0,0,0,0,1,0,0,0,0,0,0,1,-0.03,-0.029,Diamondbacks,,,,,,,
2001,Todd Greene,1,2,1,1,1,0,0,0,0,0,0.5,0.5,1,1.5,0,0,0,0,0.001,Diamondbacks,,,,,,,
2001,Orlando Hernandez,1,0,0,0,0,0,0,0,0,0,,,,,0,0,0,0,0.000,Diamondbacks,,,,,,,
2001,Sterling Hitchcock,2,0,0,0,0,0,0,0,0,0,,,,,0,0,0,0,0.000,Diamondbacks,,,,,,,
2001,Derek Jeter,7,27,3,4,0,0,1,1,0,6,0.148,0.179,0.259,0.438,0,0,0,0.07,0.000,Diamondbacks,,,,,,,
2001,David Justice,5,12,0,2,0,0,0,0,1,9,0.167,0.231,0.167,0.397,0,0,1,-0.19,-0.041,Diamondbacks,,,,,,,
2001,Chuck Knoblauch,6,18,1,1,0,0,0,0,1,2,0.056,0.105,0.056,0.161,0,0,0,-0.26,-0.098,Diamondbacks,,,,,,,
2001,Tino Martinez,6,21,1,4,0,0,1,3,2,2,0.19,0.261,0.333,0.594,0,0,0,0.2,0.108,Diamondbacks,,,,,,,
2001,Ramiro Mendoza,2,0,0,0,0,0,0,0,0,0,,,,,0,0,0,0,0.000,Diamondbacks,,,,,,,
2001,Mike Mussina,2,1,0,0,0,0,0,0,0,1,0,0,0,0,0,0,0,-0.03,-0.010,Diamondbacks,,,,,,,
2001,Paul O'Neill,5,15,1,5,1,0,0,0,2,2,0.333,0.412,0.4,0.812,1,0,0,-0.16,-0.031,Diamondbacks,,,,,,,
2001,Andy Pettitte,2,3,0,1,0,0,0,0,0,1,0.333,0.333,0.333,0.667,0,0,0,-0.03,-0.005,Diamondbacks,,,,,,,
2001,Jorge Posada,7,23,2,4,1,0,1,1,3,8,0.174,0.269,0.348,0.617,0,0,1,-0.36,-0.233,Diamondbacks,,,,,,,
2001,Mariano Rivera,4,0,0,0,0,0,0,0,0,0,,,,,0,0,1,0,0.000,Diamondbacks,,,,,,,
2001,Luis Sojo,2,3,0,1,0,0,0,1,0,0,0.333,0.333,0.333,0.667,0,0,0,-0.06,-0.016,Diamondbacks,,,,,,,
2001,Alfonso Soriano,7,25,1,6,0,0,1,2,0,7,0.24,0.24,0.36,0.6,0,1,3,-0.02,0.145,Diamondbacks,,,,,,,
2001,Shane Spencer,7,20,1,4,0,0,1,2,2,6,0.2,0.273,0.35,0.623,0,0,0,-0.28,-0.164,Diamondbacks,,,,,,,
2001,Mike Stanton,5,0,0,0,0,0,0,0,0,0,,,,,0,0,0,0,0.000,Diamondbacks,,,,,,,
2001,Randy Velarde,1,3,0,0,0,0,0,0,1,1,0,0.25,0,0.25,0,0,0,-0.01,-0.002,Diamondbacks,,,,,,,
2001,Bernie Williams,7,24,2,5,1,0,0,1,4,6,0.208,0.321,0.25,0.571,0,0,0,-0.08,-0.084,Diamondbacks,,,,,,,
2001,Enrique Wilson,2,3,0,0,0,0,0,0,0,0,0,0,0,0,0,0,0,0,-0.001,Diamondbacks,,,,,,,
2001,Jay Witasick,1,0,0,0,0,0,0,0,0,0,,,,,0,0,0,0,0.000,Diamondbacks,,,,,,,
2003,Aaron Boone,6,21,1,3,0,0,1,2,0,6,0.143,0.136,0.286,0.422,0,0,3,-0.7,-0.254,Marlins,,,,,,,
2003,Roger Clemens,1,2,0,1,0,0,0,0,0,0,0.5,0.5,0.5,1,0,0,0,-0.01,-0.004,Marlins,,,,,,,
2003,José Contreras,4,0,0,0,0,0,0,0,0,0,,,,,0,0,0,0,0.000,Marlins,,,,,,,
2003,David Dellucci,4,2,1,0,0,0,0,0,0,0,0,0,0,0,0,0,0,-0.02,-0.010,Marlins,,,,,,,
2003,John Flaherty,1,2,0,0,0,0,0,0,0,0,0,0,0,0,0,0,0,-0.23,-0.080,Marlins,,,,,,,
2003,Karim Garcia,5,14,1,4,0,0,0,0,0,3,0.286,0.286,0.286,0.571,0,0,0,-0.19,-0.075,Marlins,,,,,,,
2003,Jason Giambi,6,17,2,4,1,0,1,1,4,3,0.235,0.409,0.471,0.88,0,0,0,-0.28,-0.103,Marlins,,,,,,,
2003,Chris Hammond,1,0,0,0,0,0,0,0,0,0,,,,,0,0,0,0,0.000,Marlins,,,,,,,
2003,Derek Jeter,6,26,5,9,3,0,0,2,1,7,0.346,0.393,0.462,0.854,0,0,1,0,-0.017,Marlins,,,,,,,
2003,Nick Johnson,6,17,3,5,1,0,0,0,2,3,0.294,0.368,0.353,0.721,0,0,0,-0.51,-0.209,Marlins,,,,,,,
2003,Hideki Matsui,6,23,1,6,0,0,1,4,3,2,0.261,0.37,0.391,0.762,0,0,0,0.53,0.146,Marlins,,,,,,,
2003,Mike Mussina,1,3,0,0,0,0,0,0,0,3,0,0,0,0,0,0,0,-0.05,-0.019,Marlins,,,,,,,
2003,Jeff Nelson,3,0,0,0,0,0,0,0,0,0,,,,,0,0,0,0,0.000,Marlins,,,,,,,
2003,Andy Pettitte,2,0,0,0,0,0,0,0,0,0,,,,,0,0,0,0,0.000,Marlins,,,,,,,
2003,Jorge Posada,6,19,0,3,1,0,0,1,5,7,0.158,0.333,0.211,0.544,1,1,0,-0.09,-0.019,Marlins,,,,,,,
2003,Juan Rivera,4,6,0,1,1,0,0,1,1,1,0.167,0.286,0.333,0.619,0,0,0,-0.03,-0.012,Marlins,,,,,,,
2003,Mariano Rivera,2,0,0,0,0,0,0,0,0,0,,,,,0,0,0,0,0.000,Marlins,,,,,,,
2003,Ruben Sierra,5,4,0,1,0,1,0,2,1,3,0.25,0.4,0.75,1.15,0,0,0,0.38,0.108,Marlins,,,,,,,
2003,Alfonso Soriano,6,22,2,5,0,0,1,2,2,9,0.227,0.292,0.364,0.655,1,1,0,-0.45,-0.142,Marlins,,,,,,,
2003,Jeff Weaver,1,0,0,0,0,0,0,0,0,0,,,,,0,0,0,0,0.000,Marlins,,,,,,,
2003,David Wells,2,0,0,0,0,0,0,0,0,0,,,,,0,0,0,0,0.000,Marlins,,,,,,,
2003,Bernie Williams,6,25,5,10,2,0,2,5,2,2,0.4,0.429,0.72,1.149,0,0,0,-0.13,-0.080,Marlins,,,,,,,
2003,Enrique Wilson,2,4,0,2,1,0,0,1,1,0,0.5,0.6,0.75,1.35,0,0,1,0.08,0.044,Marlins,,,,,,,
2009,Alfredo Aceves,1,0,0,0,0,0,0,0,0,0,,,,,0,0,0,0,0.000,Phillies,,,,,,,
2009,Brian Bruney,1,0,0,0,0,0,0,0,0,0,,,,,0,0,0,0,0.000,Phillies,,,,,,,
2009,A.J. Burnett,2,1,0,0,0,0,0,0,0,1,0,0,0,0,0,0,0,-0.01,-0.002,Phillies,,,,,,,
2009,Melky Cabrera,4,13,1,2,0,0,0,0,0,3,0.154,0.154,0.154,0.308,0,0,0,-0.1,-0.037,Phillies,,,,,,,
2009,Robinson Cano,6,22,0,3,0,0,0,1,0,5,0.136,0.13,0.136,0.267,0,0,0,-0.41,-0.137,Phillies,,,,,,,
2009,Joba Chamberlain,3,0,0,0,0,0,0,0,0,0,,,,,0,0,0,0,0.000,Phillies,,,,,,,
2009,Phil Coke,2,0,0,0,0,0,0,0,0,0,,,,,0,0,0,0,0.000,Phillies,,,,,,,
2009,Johnny Damon,6,22,6,8,2,0,0,4,3,3,0.364,0.44,0.455,0.895,3,0,0,0.33,0.133,Phillies,,,,,,,
2009,Brett Gardner,5,10,1,0,0,0,0,0,0,4,0,0,0,0,0,0,0,-0.14,-0.046,Phillies,,,,,,,
2009,Jerry Hairston,3,6,0,1,0,0,0,0,0,1,0.167,0.167,0.167,0.333,0,0,0,-0.05,-0.016,Phillies,,,,,,,
2009,Eric Hinske,1,0,1,0,0,0,0,0,1,0,,1,,,0,0,,0.01,0.003,Phillies,,,,,,,
2009,Phil Hughes,3,0,0,0,0,0,0,0,0,0,,,,,0,0,0,0,0.000,Phillies,,,,,,,
2009,Derek Jeter,6,27,5,11,3,0,0,1,1,6,0.407,0.429,0.519,0.947,0,0,0,-0.05,0.025,Phillies,,,,,,,
2009,Damaso Marte,4,0,0,0,0,0,0,0,0,0,,,,,0,0,0,0,0.000,Phillies,,,,,,,
2009,Hideki Matsui,6,13,3,8,1,0,3,8,1,3,0.615,0.643,1.385,2.027,0,0,,0.63,0.220,Phillies,,,,,,,
2009,Jose Molina,2,2,0,0,0,0,0,0,1,0,0,0.333,0,0.333,0,0,0,-0.01,0.000,Phillies,,,,,,,
2009,Andy Pettitte,2,3,1,1,0,0,0,1,0,1,0.333,0.333,0.333,0.667,0,0,0,0.1,0.034,Phillies,,,,,,,
2009,Jorge Posada,6,19,1,5,1,0,0,5,2,7,0.263,0.318,0.316,0.634,0,0,1,0.11,0.036,Phillies,,,,,,,
2009,Mariano Rivera,4,0,0,0,0,0,0,0,0,0,,,,,0,0,0,0,0.000,Phillies,,,,,,,
2009,David Robertson,2,0,0,0,0,0,0,0,0,0,,,,,0,0,0,0,0.000,Phillies,,,,,,,
2009,Alex Rodriguez,6,20,5,5,3,0,1,6,3,8,0.25,0.423,0.55,0.973,1,0,1,0.35,0.128,Phillies,,,,,,,
2009,CC Sabathia,2,3,0,0,0,0,0,0,0,2,0,0,0,0,0,0,0,-0.09,-0.037,Phillies,,,,,,,
2009,Nick Swisher,5,15,3,2,1,0,1,1,4,4,0.133,0.316,0.4,0.716,0,0,0,0.04,0.022,Phillies,,,,,,,
2009,Mark Teixeira,6,22,5,3,1,0,1,3,2,8,0.136,0.296,0.318,0.614,0,0,0,-0.07,-0.010,Phillies,,,,,,,